<mesh>
	<submeshes>
		<submesh material="Signpost/SOLID/TEX/signpost_color.jpg" usesharedvertices="false">
			<faces count="160">
				<face v1="0" v2="1" v3="2"/>
				<face v1="0" v2="2" v3="3"/>
				<face v1="4" v2="5" v3="6"/>
				<face v1="4" v2="6" v3="7"/>
				<face v1="8" v2="9" v3="10"/>
				<face v1="8" v2="10" v3="11"/>
				<face v1="12" v2="13" v3="14"/>
				<face v1="12" v2="14" v3="15"/>
				<face v1="16" v2="17" v3="13"/>
				<face v1="16" v2="13" v3="12"/>
				<face v1="18" v2="19" v3="20"/>
				<face v1="18" v2="20" v3="21"/>
				<face v1="22" v2="23" v3="24"/>
				<face v1="22" v2="24" v3="25"/>
				<face v1="26" v2="27" v3="23"/>
				<face v1="26" v2="23" v3="22"/>
				<face v1="28" v2="29" v3="30"/>
				<face v1="28" v2="30" v3="31"/>
				<face v1="32" v2="33" v3="34"/>
				<face v1="32" v2="34" v3="35"/>
				<face v1="36" v2="37" v3="38"/>
				<face v1="36" v2="38" v3="39"/>
				<face v1="40" v2="41" v3="42"/>
				<face v1="40" v2="42" v3="43"/>
				<face v1="44" v2="45" v3="46"/>
				<face v1="44" v2="46" v3="47"/>
				<face v1="48" v2="44" v3="47"/>
				<face v1="48" v2="47" v3="49"/>
				<face v1="50" v2="51" v3="52"/>
				<face v1="50" v2="52" v3="53"/>
				<face v1="54" v2="55" v3="56"/>
				<face v1="54" v2="56" v3="57"/>
				<face v1="58" v2="54" v3="57"/>
				<face v1="58" v2="57" v3="59"/>
				<face v1="60" v2="61" v3="62"/>
				<face v1="60" v2="62" v3="63"/>
				<face v1="64" v2="65" v3="66"/>
				<face v1="64" v2="66" v3="67"/>
				<face v1="68" v2="69" v3="70"/>
				<face v1="68" v2="70" v3="71"/>
				<face v1="72" v2="73" v3="74"/>
				<face v1="72" v2="74" v3="75"/>
				<face v1="76" v2="77" v3="78"/>
				<face v1="76" v2="78" v3="79"/>
				<face v1="80" v2="81" v3="82"/>
				<face v1="80" v2="82" v3="83"/>
				<face v1="84" v2="85" v3="86"/>
				<face v1="84" v2="86" v3="87"/>
				<face v1="88" v2="89" v3="90"/>
				<face v1="88" v2="90" v3="91"/>
				<face v1="92" v2="93" v3="94"/>
				<face v1="92" v2="94" v3="95"/>
				<face v1="96" v2="97" v3="98"/>
				<face v1="96" v2="98" v3="99"/>
				<face v1="100" v2="101" v3="102"/>
				<face v1="100" v2="102" v3="103"/>
				<face v1="104" v2="105" v3="106"/>
				<face v1="104" v2="106" v3="107"/>
				<face v1="108" v2="109" v3="110"/>
				<face v1="108" v2="110" v3="111"/>
				<face v1="112" v2="113" v3="114"/>
				<face v1="112" v2="114" v3="115"/>
				<face v1="116" v2="117" v3="118"/>
				<face v1="116" v2="118" v3="119"/>
				<face v1="120" v2="121" v3="122"/>
				<face v1="121" v2="123" v3="122"/>
				<face v1="124" v2="125" v3="126"/>
				<face v1="124" v2="126" v3="127"/>
				<face v1="128" v2="129" v3="130"/>
				<face v1="128" v2="130" v3="131"/>
				<face v1="132" v2="133" v3="134"/>
				<face v1="132" v2="134" v3="135"/>
				<face v1="136" v2="137" v3="138"/>
				<face v1="136" v2="138" v3="139"/>
				<face v1="140" v2="141" v3="142"/>
				<face v1="140" v2="142" v3="143"/>
				<face v1="144" v2="145" v3="146"/>
				<face v1="144" v2="146" v3="147"/>
				<face v1="148" v2="149" v3="150"/>
				<face v1="148" v2="150" v3="151"/>
				<face v1="152" v2="153" v3="154"/>
				<face v1="152" v2="154" v3="155"/>
				<face v1="156" v2="157" v3="158"/>
				<face v1="156" v2="158" v3="159"/>
				<face v1="160" v2="161" v3="162"/>
				<face v1="160" v2="162" v3="163"/>
				<face v1="164" v2="165" v3="166"/>
				<face v1="164" v2="166" v3="167"/>
				<face v1="168" v2="169" v3="170"/>
				<face v1="168" v2="170" v3="171"/>
				<face v1="172" v2="173" v3="174"/>
				<face v1="172" v2="174" v3="175"/>
				<face v1="176" v2="177" v3="178"/>
				<face v1="176" v2="178" v3="179"/>
				<face v1="180" v2="181" v3="182"/>
				<face v1="180" v2="182" v3="183"/>
				<face v1="184" v2="185" v3="186"/>
				<face v1="184" v2="186" v3="187"/>
				<face v1="188" v2="189" v3="190"/>
				<face v1="188" v2="190" v3="191"/>
				<face v1="192" v2="193" v3="194"/>
				<face v1="192" v2="194" v3="195"/>
				<face v1="196" v2="192" v3="195"/>
				<face v1="196" v2="195" v3="197"/>
				<face v1="198" v2="199" v3="200"/>
				<face v1="198" v2="200" v3="201"/>
				<face v1="202" v2="203" v3="204"/>
				<face v1="202" v2="204" v3="205"/>
				<face v1="206" v2="202" v3="205"/>
				<face v1="206" v2="205" v3="207"/>
				<face v1="208" v2="209" v3="210"/>
				<face v1="208" v2="210" v3="211"/>
				<face v1="212" v2="213" v3="214"/>
				<face v1="215" v2="216" v3="217"/>
				<face v1="215" v2="217" v3="218"/>
				<face v1="219" v2="220" v3="221"/>
				<face v1="219" v2="221" v3="222"/>
				<face v1="223" v2="215" v3="218"/>
				<face v1="223" v2="218" v3="224"/>
				<face v1="225" v2="226" v3="227"/>
				<face v1="225" v2="227" v3="228"/>
				<face v1="229" v2="230" v3="231"/>
				<face v1="230" v2="232" v3="231"/>
				<face v1="233" v2="223" v3="224"/>
				<face v1="233" v2="224" v3="234"/>
				<face v1="235" v2="236" v3="237"/>
				<face v1="235" v2="237" v3="238"/>
				<face v1="236" v2="239" v3="240"/>
				<face v1="236" v2="240" v3="237"/>
				<face v1="241" v2="242" v3="243"/>
				<face v1="242" v2="244" v3="243"/>
				<face v1="239" v2="233" v3="234"/>
				<face v1="239" v2="234" v3="240"/>
				<face v1="216" v2="245" v3="246"/>
				<face v1="216" v2="246" v3="217"/>
				<face v1="247" v2="248" v3="249"/>
				<face v1="247" v2="249" v3="250"/>
				<face v1="251" v2="235" v3="238"/>
				<face v1="251" v2="238" v3="252"/>
				<face v1="253" v2="251" v3="252"/>
				<face v1="253" v2="252" v3="254"/>
				<face v1="245" v2="255" v3="256"/>
				<face v1="245" v2="256" v3="246"/>
				<face v1="213" v2="212" v3="257"/>
				<face v1="213" v2="257" v3="258"/>
				<face v1="259" v2="260" v3="261"/>
				<face v1="259" v2="261" v3="258"/>
				<face v1="260" v2="262" v3="263"/>
				<face v1="260" v2="263" v3="261"/>
				<face v1="264" v2="265" v3="266"/>
				<face v1="264" v2="266" v3="267"/>
				<face v1="262" v2="260" v3="268"/>
				<face v1="262" v2="268" v3="269"/>
				<face v1="267" v2="269" v3="268"/>
				<face v1="267" v2="268" v3="264"/>
				<face v1="212" v2="214" v3="265"/>
				<face v1="212" v2="265" v3="264"/>
				<face v1="270" v2="271" v3="272"/>
				<face v1="270" v2="272" v3="273"/>
				<face v1="274" v2="270" v3="273"/>
			</faces>
			<geometry vertexcount="275">
				<vertexbuffer positions="true" normals="true" texture_coords="1">
					<vertex>
						<position x="0.040000" y="3.479790" z="0.114421"/>
						<normal x="0.000000" y="-1.000000" z="0.000000"/>
						<texcoord u="0.872628" v="0.488245"/>
					</vertex>
					<vertex>
						<position x="0.040000" y="3.479790" z="1.322751"/>
						<normal x="0.000000" y="-1.000000" z="0.000000"/>
						<texcoord u="0.872628" v="0.103156"/>
					</vertex>
					<vertex>
						<position x="-0.040000" y="3.479790" z="1.322751"/>
						<normal x="0.000000" y="-1.000000" z="0.000000"/>
						<texcoord u="0.848555" v="0.103156"/>
					</vertex>
					<vertex>
						<position x="-0.040000" y="3.479790" z="0.114421"/>
						<normal x="0.000000" y="-1.000000" z="0.000000"/>
						<texcoord u="0.848555" v="0.488245"/>
					</vertex>
					<vertex>
						<position x="0.040000" y="3.809790" z="1.322750"/>
						<normal x="0.000000" y="1.000000" z="0.000000"/>
						<texcoord u="0.972118" v="0.103156"/>
					</vertex>
					<vertex>
						<position x="0.040000" y="3.809790" z="0.114421"/>
						<normal x="0.000000" y="1.000000" z="0.000000"/>
						<texcoord u="0.972117" v="0.488245"/>
					</vertex>
					<vertex>
						<position x="-0.040000" y="3.809790" z="0.114421"/>
						<normal x="0.000000" y="1.000000" z="0.000000"/>
						<texcoord u="0.996190" v="0.488245"/>
					</vertex>
					<vertex>
						<position x="-0.040000" y="3.809790" z="1.322750"/>
						<normal x="0.000000" y="1.000000" z="0.000000"/>
						<texcoord u="0.996190" v="0.103156"/>
					</vertex>
					<vertex>
						<position x="0.040000" y="3.683318" z="1.521484"/>
						<normal x="0.000000" y="0.843652" z="0.536890"/>
						<texcoord u="0.985598" v="0.039821"/>
					</vertex>
					<vertex>
						<position x="0.040000" y="3.809790" z="1.322750"/>
						<normal x="0.000000" y="0.843652" z="0.536890"/>
						<texcoord u="0.933988" v="0.039821"/>
					</vertex>
					<vertex>
						<position x="-0.040000" y="3.809790" z="1.322750"/>
						<normal x="0.000000" y="0.843652" z="0.536890"/>
						<texcoord u="0.933988" v="0.012639"/>
					</vertex>
					<vertex>
						<position x="-0.040000" y="3.683318" z="1.521484"/>
						<normal x="0.000000" y="0.843652" z="0.536890"/>
						<texcoord u="0.985598" v="0.012639"/>
					</vertex>
					<vertex>
						<position x="0.040000" y="3.479790" z="1.322751"/>
						<normal x="1.000000" y="-0.000000" z="0.000000"/>
						<texcoord u="0.872628" v="0.103156"/>
					</vertex>
					<vertex>
						<position x="0.040000" y="3.809790" z="1.322750"/>
						<normal x="1.000000" y="-0.000000" z="0.000000"/>
						<texcoord u="0.972118" v="0.103156"/>
					</vertex>
					<vertex>
						<position x="0.040000" y="3.683318" z="1.521484"/>
						<normal x="1.000000" y="-0.000000" z="0.000000"/>
						<texcoord u="0.933988" v="0.039821"/>
					</vertex>
					<vertex>
						<position x="0.040000" y="3.606262" z="1.521484"/>
						<normal x="1.000000" y="0.000000" z="0.000000"/>
						<texcoord u="0.910757" v="0.039821"/>
					</vertex>
					<vertex>
						<position x="0.040000" y="3.479790" z="0.114421"/>
						<normal x="1.000000" y="0.000000" z="0.000000"/>
						<texcoord u="0.872628" v="0.488245"/>
					</vertex>
					<vertex>
						<position x="0.040000" y="3.809790" z="0.114421"/>
						<normal x="1.000000" y="0.000000" z="0.000000"/>
						<texcoord u="0.972117" v="0.488245"/>
					</vertex>
					<vertex>
						<position x="0.040000" y="3.479790" z="1.322751"/>
						<normal x="0.000000" y="-0.843651" z="0.536892"/>
						<texcoord u="0.859148" v="0.039821"/>
					</vertex>
					<vertex>
						<position x="0.040000" y="3.606262" z="1.521484"/>
						<normal x="0.000000" y="-0.843651" z="0.536892"/>
						<texcoord u="0.910757" v="0.039821"/>
					</vertex>
					<vertex>
						<position x="-0.040000" y="3.606262" z="1.521484"/>
						<normal x="0.000000" y="-0.843651" z="0.536892"/>
						<texcoord u="0.910757" v="0.012639"/>
					</vertex>
					<vertex>
						<position x="-0.040000" y="3.479790" z="1.322751"/>
						<normal x="0.000000" y="-0.843651" z="0.536892"/>
						<texcoord u="0.859148" v="0.012639"/>
					</vertex>
					<vertex>
						<position x="-0.040000" y="3.479790" z="1.322751"/>
						<normal x="-1.000000" y="0.000000" z="0.000000"/>
						<texcoord u="0.848555" v="0.103156"/>
					</vertex>
					<vertex>
						<position x="-0.040000" y="3.809790" z="1.322750"/>
						<normal x="-1.000000" y="0.000000" z="0.000000"/>
						<texcoord u="0.749066" v="0.103156"/>
					</vertex>
					<vertex>
						<position x="-0.040000" y="3.809790" z="0.114421"/>
						<normal x="-1.000000" y="0.000000" z="0.000000"/>
						<texcoord u="0.749066" v="0.488245"/>
					</vertex>
					<vertex>
						<position x="-0.040000" y="3.479790" z="0.114421"/>
						<normal x="-1.000000" y="0.000000" z="0.000000"/>
						<texcoord u="0.848555" v="0.488245"/>
					</vertex>
					<vertex>
						<position x="-0.040000" y="3.606262" z="1.521484"/>
						<normal x="-1.000000" y="0.000000" z="0.000000"/>
						<texcoord u="0.810425" v="0.039821"/>
					</vertex>
					<vertex>
						<position x="-0.040000" y="3.683318" z="1.521484"/>
						<normal x="-1.000000" y="0.000000" z="0.000000"/>
						<texcoord u="0.787195" v="0.039821"/>
					</vertex>
					<vertex>
						<position x="0.040000" y="3.606262" z="1.521484"/>
						<normal x="0.000000" y="-0.000000" z="1.000000"/>
						<texcoord u="0.910757" v="0.039821"/>
					</vertex>
					<vertex>
						<position x="0.040000" y="3.683318" z="1.521484"/>
						<normal x="0.000000" y="-0.000000" z="1.000000"/>
						<texcoord u="0.933988" v="0.039821"/>
					</vertex>
					<vertex>
						<position x="-0.040000" y="3.683318" z="1.521484"/>
						<normal x="0.000000" y="-0.000000" z="1.000000"/>
						<texcoord u="0.933988" v="0.012639"/>
					</vertex>
					<vertex>
						<position x="-0.040000" y="3.606262" z="1.521484"/>
						<normal x="0.000000" y="0.000000" z="1.000000"/>
						<texcoord u="0.910757" v="0.012639"/>
					</vertex>
					<vertex>
						<position x="0.040000" y="3.479790" z="-0.114422"/>
						<normal x="-0.000000" y="-1.000000" z="0.000000"/>
						<texcoord u="0.868302" v="0.984704"/>
					</vertex>
					<vertex>
						<position x="-0.040000" y="3.479790" z="-0.114422"/>
						<normal x="-0.000000" y="-1.000000" z="0.000000"/>
						<texcoord u="0.844228" v="0.984704"/>
					</vertex>
					<vertex>
						<position x="-0.040000" y="3.479790" z="-1.322751"/>
						<normal x="-0.000000" y="-1.000000" z="0.000000"/>
						<texcoord u="0.844228" v="0.599615"/>
					</vertex>
					<vertex>
						<position x="0.040000" y="3.479790" z="-1.322751"/>
						<normal x="0.000000" y="-1.000000" z="-0.000000"/>
						<texcoord u="0.868302" v="0.599615"/>
					</vertex>
					<vertex>
						<position x="0.040000" y="3.809790" z="-1.322751"/>
						<normal x="0.000000" y="1.000000" z="0.000000"/>
						<texcoord u="0.967791" v="0.599615"/>
					</vertex>
					<vertex>
						<position x="-0.040000" y="3.809790" z="-1.322751"/>
						<normal x="0.000000" y="1.000000" z="0.000000"/>
						<texcoord u="0.991864" v="0.599615"/>
					</vertex>
					<vertex>
						<position x="-0.040000" y="3.809790" z="-0.114422"/>
						<normal x="0.000000" y="1.000000" z="0.000000"/>
						<texcoord u="0.991863" v="0.984703"/>
					</vertex>
					<vertex>
						<position x="0.040000" y="3.809790" z="-0.114422"/>
						<normal x="0.000000" y="1.000000" z="-0.000000"/>
						<texcoord u="0.967791" v="0.984704"/>
					</vertex>
					<vertex>
						<position x="0.040000" y="3.683317" z="-1.521485"/>
						<normal x="0.000000" y="0.843650" z="-0.536893"/>
						<texcoord u="0.981271" v="0.536280"/>
					</vertex>
					<vertex>
						<position x="-0.040000" y="3.683317" z="-1.521485"/>
						<normal x="0.000000" y="0.843650" z="-0.536893"/>
						<texcoord u="0.981271" v="0.509098"/>
					</vertex>
					<vertex>
						<position x="-0.040000" y="3.809790" z="-1.322751"/>
						<normal x="0.000000" y="0.843650" z="-0.536893"/>
						<texcoord u="0.929661" v="0.509098"/>
					</vertex>
					<vertex>
						<position x="0.040000" y="3.809790" z="-1.322751"/>
						<normal x="0.000000" y="0.843650" z="-0.536893"/>
						<texcoord u="0.929661" v="0.536280"/>
					</vertex>
					<vertex>
						<position x="0.040000" y="3.479790" z="-1.322751"/>
						<normal x="1.000000" y="0.000000" z="0.000000"/>
						<texcoord u="0.868302" v="0.599615"/>
					</vertex>
					<vertex>
						<position x="0.040000" y="3.606262" z="-1.521485"/>
						<normal x="1.000000" y="0.000000" z="0.000000"/>
						<texcoord u="0.906430" v="0.536279"/>
					</vertex>
					<vertex>
						<position x="0.040000" y="3.683317" z="-1.521485"/>
						<normal x="1.000000" y="0.000000" z="0.000000"/>
						<texcoord u="0.929661" v="0.536279"/>
					</vertex>
					<vertex>
						<position x="0.040000" y="3.809790" z="-1.322751"/>
						<normal x="1.000000" y="-0.000000" z="0.000000"/>
						<texcoord u="0.967791" v="0.599615"/>
					</vertex>
					<vertex>
						<position x="0.040000" y="3.479790" z="-0.114422"/>
						<normal x="1.000000" y="0.000000" z="0.000000"/>
						<texcoord u="0.868302" v="0.984704"/>
					</vertex>
					<vertex>
						<position x="0.040000" y="3.809790" z="-0.114422"/>
						<normal x="1.000000" y="-0.000000" z="0.000000"/>
						<texcoord u="0.967791" v="0.984704"/>
					</vertex>
					<vertex>
						<position x="0.040000" y="3.479790" z="-1.322751"/>
						<normal x="-0.000000" y="-0.843652" z="-0.536890"/>
						<texcoord u="0.854821" v="0.536280"/>
					</vertex>
					<vertex>
						<position x="-0.040000" y="3.479790" z="-1.322751"/>
						<normal x="-0.000000" y="-0.843652" z="-0.536890"/>
						<texcoord u="0.854821" v="0.509098"/>
					</vertex>
					<vertex>
						<position x="-0.040000" y="3.606262" z="-1.521485"/>
						<normal x="-0.000000" y="-0.843652" z="-0.536890"/>
						<texcoord u="0.906430" v="0.509097"/>
					</vertex>
					<vertex>
						<position x="0.040000" y="3.606262" z="-1.521485"/>
						<normal x="0.000000" y="-0.843652" z="-0.536890"/>
						<texcoord u="0.906430" v="0.536279"/>
					</vertex>
					<vertex>
						<position x="-0.040000" y="3.479790" z="-1.322751"/>
						<normal x="-1.000000" y="0.000000" z="0.000000"/>
						<texcoord u="0.844228" v="0.599615"/>
					</vertex>
					<vertex>
						<position x="-0.040000" y="3.479790" z="-0.114422"/>
						<normal x="-1.000000" y="0.000000" z="0.000000"/>
						<texcoord u="0.844228" v="0.984704"/>
					</vertex>
					<vertex>
						<position x="-0.040000" y="3.809790" z="-0.114422"/>
						<normal x="-1.000000" y="0.000000" z="0.000000"/>
						<texcoord u="0.744739" v="0.984704"/>
					</vertex>
					<vertex>
						<position x="-0.040000" y="3.809790" z="-1.322751"/>
						<normal x="-1.000000" y="0.000000" z="0.000000"/>
						<texcoord u="0.744739" v="0.599615"/>
					</vertex>
					<vertex>
						<position x="-0.040000" y="3.606262" z="-1.521485"/>
						<normal x="-1.000000" y="0.000000" z="0.000000"/>
						<texcoord u="0.806099" v="0.536280"/>
					</vertex>
					<vertex>
						<position x="-0.040000" y="3.683317" z="-1.521485"/>
						<normal x="-1.000000" y="0.000000" z="0.000000"/>
						<texcoord u="0.782868" v="0.536280"/>
					</vertex>
					<vertex>
						<position x="0.040000" y="3.606262" z="-1.521485"/>
						<normal x="0.000000" y="0.000000" z="-1.000000"/>
						<texcoord u="0.906430" v="0.536279"/>
					</vertex>
					<vertex>
						<position x="-0.040000" y="3.606262" z="-1.521485"/>
						<normal x="0.000000" y="0.000000" z="-1.000000"/>
						<texcoord u="0.906430" v="0.509098"/>
					</vertex>
					<vertex>
						<position x="-0.040000" y="3.683317" z="-1.521485"/>
						<normal x="0.000000" y="0.000000" z="-1.000000"/>
						<texcoord u="0.929661" v="0.509098"/>
					</vertex>
					<vertex>
						<position x="0.040000" y="3.683317" z="-1.521485"/>
						<normal x="0.000000" y="0.000000" z="-1.000000"/>
						<texcoord u="0.929661" v="0.536279"/>
					</vertex>
					<vertex>
						<position x="0.084853" y="0.263407" z="0.084853"/>
						<normal x="1.000000" y="0.000000" z="0.000000"/>
						<texcoord u="0.146843" v="0.999731"/>
					</vertex>
					<vertex>
						<position x="0.084853" y="0.263407" z="-0.084853"/>
						<normal x="1.000000" y="0.000000" z="0.000000"/>
						<texcoord u="0.194339" v="0.999731"/>
					</vertex>
					<vertex>
						<position x="0.084853" y="2.730577" z="-0.084853"/>
						<normal x="1.000000" y="0.000000" z="0.000000"/>
						<texcoord u="0.194339" v="0.308681"/>
					</vertex>
					<vertex>
						<position x="0.084853" y="2.730577" z="0.084853"/>
						<normal x="1.000000" y="-0.000000" z="0.000000"/>
						<texcoord u="0.146843" v="0.308680"/>
					</vertex>
					<vertex>
						<position x="0.084853" y="3.996584" z="0.084853"/>
						<normal x="1.000000" y="0.000000" z="0.000000"/>
						<texcoord u="0.099348" v="0.057245"/>
					</vertex>
					<vertex>
						<position x="0.084853" y="3.996584" z="-0.084853"/>
						<normal x="1.000000" y="0.000000" z="0.000000"/>
						<texcoord u="0.146843" v="0.057245"/>
					</vertex>
					<vertex>
						<position x="0.084853" y="4.061395" z="-0.084853"/>
						<normal x="1.000000" y="0.000000" z="0.000000"/>
						<texcoord u="0.146843" v="0.044546"/>
					</vertex>
					<vertex>
						<position x="0.084853" y="4.061395" z="0.084853"/>
						<normal x="1.000000" y="-0.000000" z="0.000000"/>
						<texcoord u="0.099348" v="0.044546"/>
					</vertex>
					<vertex>
						<position x="0.121043" y="4.061277" z="0.121042"/>
						<normal x="1.000000" y="0.000000" z="0.000000"/>
						<texcoord u="0.099348" v="0.044546"/>
					</vertex>
					<vertex>
						<position x="0.121043" y="4.061277" z="-0.121043"/>
						<normal x="1.000000" y="0.000000" z="0.000000"/>
						<texcoord u="0.146843" v="0.044546"/>
					</vertex>
					<vertex>
						<position x="0.121043" y="4.259870" z="-0.121043"/>
						<normal x="1.000000" y="0.000000" z="0.000000"/>
						<texcoord u="0.146843" v="0.005632"/>
					</vertex>
					<vertex>
						<position x="0.121043" y="4.259870" z="0.121042"/>
						<normal x="1.000000" y="-0.000000" z="0.000000"/>
						<texcoord u="0.099348" v="0.005632"/>
					</vertex>
					<vertex>
						<position x="-0.121042" y="4.061277" z="0.121042"/>
						<normal x="0.000000" y="0.000000" z="1.000000"/>
						<texcoord u="0.051852" v="0.044545"/>
					</vertex>
					<vertex>
						<position x="0.121043" y="4.061277" z="0.121042"/>
						<normal x="0.000000" y="0.000000" z="1.000000"/>
						<texcoord u="0.099348" v="0.044545"/>
					</vertex>
					<vertex>
						<position x="0.121043" y="4.259870" z="0.121042"/>
						<normal x="0.000000" y="0.000000" z="1.000000"/>
						<texcoord u="0.099348" v="0.005632"/>
					</vertex>
					<vertex>
						<position x="-0.121042" y="4.259870" z="0.121042"/>
						<normal x="0.000000" y="0.000000" z="1.000000"/>
						<texcoord u="0.051852" v="0.005632"/>
					</vertex>
					<vertex>
						<position x="-0.084853" y="4.061395" z="0.084853"/>
						<normal x="0.000000" y="-0.999995" z="-0.003268"/>
						<texcoord u="0.637220" v="0.358468"/>
					</vertex>
					<vertex>
						<position x="0.084853" y="4.061395" z="0.084853"/>
						<normal x="0.000000" y="-0.999995" z="-0.003268"/>
						<texcoord u="0.691748" v="0.358468"/>
					</vertex>
					<vertex>
						<position x="0.121043" y="4.061277" z="0.121042"/>
						<normal x="0.000000" y="-0.999995" z="-0.003268"/>
						<texcoord u="0.703376" v="0.346699"/>
					</vertex>
					<vertex>
						<position x="-0.121042" y="4.061277" z="0.121042"/>
						<normal x="0.000000" y="-0.999995" z="-0.003268"/>
						<texcoord u="0.625592" v="0.346699"/>
					</vertex>
					<vertex>
						<position x="-0.084853" y="3.996584" z="0.084853"/>
						<normal x="0.000000" y="0.000000" z="1.000000"/>
						<texcoord u="0.051852" v="0.057245"/>
					</vertex>
					<vertex>
						<position x="0.084853" y="3.996584" z="0.084853"/>
						<normal x="0.000000" y="0.000000" z="1.000000"/>
						<texcoord u="0.099348" v="0.057245"/>
					</vertex>
					<vertex>
						<position x="0.084853" y="4.061395" z="0.084853"/>
						<normal x="0.000000" y="0.000000" z="1.000000"/>
						<texcoord u="0.099348" v="0.044546"/>
					</vertex>
					<vertex>
						<position x="-0.084853" y="4.061395" z="0.084853"/>
						<normal x="0.000000" y="0.000000" z="1.000000"/>
						<texcoord u="0.051852" v="0.044546"/>
					</vertex>
					<vertex>
						<position x="-0.121042" y="3.996751" z="0.121042"/>
						<normal x="0.000000" y="0.999989" z="-0.004618"/>
						<texcoord u="0.625592" v="0.425424"/>
					</vertex>
					<vertex>
						<position x="0.121043" y="3.996751" z="0.121042"/>
						<normal x="0.000000" y="0.999989" z="-0.004618"/>
						<texcoord u="0.703376" v="0.425424"/>
					</vertex>
					<vertex>
						<position x="0.084853" y="3.996584" z="0.084853"/>
						<normal x="0.000000" y="0.999989" z="-0.004618"/>
						<texcoord u="0.691748" v="0.413656"/>
					</vertex>
					<vertex>
						<position x="-0.084853" y="3.996584" z="0.084853"/>
						<normal x="0.000000" y="0.999989" z="-0.004618"/>
						<texcoord u="0.637220" v="0.413655"/>
					</vertex>
					<vertex>
						<position x="-0.121042" y="2.730506" z="0.121042"/>
						<normal x="0.000000" y="0.000000" z="1.000000"/>
						<texcoord u="0.099348" v="0.308681"/>
					</vertex>
					<vertex>
						<position x="0.121043" y="2.730506" z="0.121042"/>
						<normal x="0.000000" y="0.000000" z="1.000000"/>
						<texcoord u="0.146843" v="0.308681"/>
					</vertex>
					<vertex>
						<position x="0.121043" y="3.996751" z="0.121042"/>
						<normal x="0.000000" y="0.000000" z="1.000000"/>
						<texcoord u="0.146843" v="0.057245"/>
					</vertex>
					<vertex>
						<position x="-0.121042" y="3.996751" z="0.121042"/>
						<normal x="0.000000" y="0.000000" z="1.000000"/>
						<texcoord u="0.099348" v="0.057245"/>
					</vertex>
					<vertex>
						<position x="-0.084853" y="2.730577" z="0.084853"/>
						<normal x="0.000000" y="-0.999998" z="-0.001963"/>
						<texcoord u="0.637220" v="0.358468"/>
					</vertex>
					<vertex>
						<position x="0.084853" y="2.730577" z="0.084853"/>
						<normal x="0.000000" y="-0.999998" z="-0.001963"/>
						<texcoord u="0.691748" v="0.358468"/>
					</vertex>
					<vertex>
						<position x="0.121043" y="2.730506" z="0.121042"/>
						<normal x="0.000000" y="-0.999998" z="-0.001963"/>
						<texcoord u="0.703376" v="0.346699"/>
					</vertex>
					<vertex>
						<position x="-0.121042" y="2.730506" z="0.121042"/>
						<normal x="0.000000" y="-0.999998" z="-0.001963"/>
						<texcoord u="0.625592" v="0.346699"/>
					</vertex>
					<vertex>
						<position x="-0.084853" y="0.263407" z="0.084853"/>
						<normal x="0.000000" y="0.000000" z="1.000000"/>
						<texcoord u="0.099348" v="0.999731"/>
					</vertex>
					<vertex>
						<position x="0.084853" y="0.263407" z="0.084853"/>
						<normal x="0.000000" y="0.000000" z="1.000000"/>
						<texcoord u="0.146843" v="0.999731"/>
					</vertex>
					<vertex>
						<position x="0.084853" y="2.730577" z="0.084853"/>
						<normal x="0.000000" y="0.000000" z="1.000000"/>
						<texcoord u="0.146843" v="0.308680"/>
					</vertex>
					<vertex>
						<position x="-0.084853" y="2.730577" z="0.084853"/>
						<normal x="0.000000" y="0.000000" z="1.000000"/>
						<texcoord u="0.099348" v="0.308680"/>
					</vertex>
					<vertex>
						<position x="0.121043" y="3.996751" z="0.121042"/>
						<normal x="-0.004618" y="0.999989" z="0.000000"/>
						<texcoord u="0.703376" v="0.425424"/>
					</vertex>
					<vertex>
						<position x="0.121042" y="3.996751" z="-0.121043"/>
						<normal x="-0.004618" y="0.999989" z="0.000000"/>
						<texcoord u="0.703376" v="0.346699"/>
					</vertex>
					<vertex>
						<position x="0.084853" y="3.996584" z="-0.084853"/>
						<normal x="-0.004618" y="0.999989" z="0.000000"/>
						<texcoord u="0.691748" v="0.358468"/>
					</vertex>
					<vertex>
						<position x="0.084853" y="3.996584" z="0.084853"/>
						<normal x="-0.004618" y="0.999989" z="0.000000"/>
						<texcoord u="0.691748" v="0.413656"/>
					</vertex>
					<vertex>
						<position x="0.084853" y="4.061395" z="0.084853"/>
						<normal x="-0.003268" y="-0.999995" z="-0.000000"/>
						<texcoord u="0.691748" v="0.358468"/>
					</vertex>
					<vertex>
						<position x="0.084853" y="4.061395" z="-0.084853"/>
						<normal x="-0.003268" y="-0.999995" z="-0.000000"/>
						<texcoord u="0.691748" v="0.413655"/>
					</vertex>
					<vertex>
						<position x="0.121043" y="4.061277" z="-0.121043"/>
						<normal x="-0.003268" y="-0.999995" z="-0.000000"/>
						<texcoord u="0.703376" v="0.425424"/>
					</vertex>
					<vertex>
						<position x="0.121043" y="4.061277" z="0.121042"/>
						<normal x="-0.003268" y="-0.999995" z="0.000000"/>
						<texcoord u="0.703376" v="0.346699"/>
					</vertex>
					<vertex>
						<position x="-0.121043" y="4.061277" z="-0.121043"/>
						<normal x="-1.000000" y="0.000000" z="0.000004"/>
						<texcoord u="0.004356" v="0.044545"/>
					</vertex>
					<vertex>
						<position x="-0.121042" y="4.061277" z="0.121042"/>
						<normal x="-1.000000" y="0.000000" z="0.000004"/>
						<texcoord u="0.051852" v="0.044546"/>
					</vertex>
					<vertex>
						<position x="-0.121042" y="4.259870" z="0.121042"/>
						<normal x="-1.000000" y="0.000000" z="0.000004"/>
						<texcoord u="0.051852" v="0.005632"/>
					</vertex>
					<vertex>
						<position x="-0.121043" y="4.259870" z="-0.121043"/>
						<normal x="-1.000000" y="0.000000" z="0.000004"/>
						<texcoord u="0.004356" v="0.005632"/>
					</vertex>
					<vertex>
						<position x="-0.084853" y="4.061395" z="-0.084853"/>
						<normal x="0.003268" y="-0.999995" z="0.000000"/>
						<texcoord u="0.637220" v="0.413656"/>
					</vertex>
					<vertex>
						<position x="-0.084853" y="4.061395" z="0.084853"/>
						<normal x="0.003268" y="-0.999995" z="0.000000"/>
						<texcoord u="0.637220" v="0.358468"/>
					</vertex>
					<vertex>
						<position x="-0.121042" y="4.061277" z="0.121042"/>
						<normal x="0.003268" y="-0.999995" z="0.000000"/>
						<texcoord u="0.625592" v="0.346699"/>
					</vertex>
					<vertex>
						<position x="-0.121043" y="4.061277" z="-0.121043"/>
						<normal x="0.003268" y="-0.999995" z="-0.000000"/>
						<texcoord u="0.625592" v="0.425424"/>
					</vertex>
					<vertex>
						<position x="-0.084853" y="3.996584" z="-0.084853"/>
						<normal x="-1.000000" y="0.000000" z="0.000000"/>
						<texcoord u="0.004356" v="0.057245"/>
					</vertex>
					<vertex>
						<position x="-0.084853" y="3.996584" z="0.084853"/>
						<normal x="-1.000000" y="0.000000" z="0.000000"/>
						<texcoord u="0.051852" v="0.057245"/>
					</vertex>
					<vertex>
						<position x="-0.084853" y="4.061395" z="-0.084853"/>
						<normal x="-1.000000" y="0.000000" z="0.000000"/>
						<texcoord u="0.004356" v="0.044545"/>
					</vertex>
					<vertex>
						<position x="-0.084853" y="4.061395" z="0.084853"/>
						<normal x="-1.000000" y="0.000000" z="0.000000"/>
						<texcoord u="0.051852" v="0.044546"/>
					</vertex>
					<vertex>
						<position x="-0.121043" y="3.996751" z="-0.121043"/>
						<normal x="0.004618" y="0.999989" z="-0.000000"/>
						<texcoord u="0.625592" v="0.346699"/>
					</vertex>
					<vertex>
						<position x="-0.121042" y="3.996751" z="0.121042"/>
						<normal x="0.004618" y="0.999989" z="-0.000000"/>
						<texcoord u="0.625592" v="0.425424"/>
					</vertex>
					<vertex>
						<position x="-0.084853" y="3.996584" z="0.084853"/>
						<normal x="0.004618" y="0.999989" z="-0.000000"/>
						<texcoord u="0.637220" v="0.413656"/>
					</vertex>
					<vertex>
						<position x="-0.084853" y="3.996584" z="-0.084853"/>
						<normal x="0.004618" y="0.999989" z="0.000000"/>
						<texcoord u="0.637220" v="0.358468"/>
					</vertex>
					<vertex>
						<position x="-0.121043" y="2.730506" z="-0.121043"/>
						<normal x="-1.000000" y="0.000000" z="0.000004"/>
						<texcoord u="0.051852" v="0.308681"/>
					</vertex>
					<vertex>
						<position x="-0.121042" y="2.730506" z="0.121042"/>
						<normal x="-1.000000" y="0.000000" z="0.000004"/>
						<texcoord u="0.099348" v="0.308680"/>
					</vertex>
					<vertex>
						<position x="-0.121042" y="3.996751" z="0.121042"/>
						<normal x="-1.000000" y="0.000000" z="0.000004"/>
						<texcoord u="0.099348" v="0.057245"/>
					</vertex>
					<vertex>
						<position x="-0.121043" y="3.996751" z="-0.121043"/>
						<normal x="-1.000000" y="0.000000" z="0.000004"/>
						<texcoord u="0.051852" v="0.057245"/>
					</vertex>
					<vertex>
						<position x="-0.084853" y="2.730577" z="-0.084853"/>
						<normal x="0.001963" y="-0.999998" z="0.000000"/>
						<texcoord u="0.637220" v="0.413656"/>
					</vertex>
					<vertex>
						<position x="-0.084853" y="2.730577" z="0.084853"/>
						<normal x="0.001963" y="-0.999998" z="0.000000"/>
						<texcoord u="0.637220" v="0.358468"/>
					</vertex>
					<vertex>
						<position x="-0.121042" y="2.730506" z="0.121042"/>
						<normal x="0.001963" y="-0.999998" z="0.000000"/>
						<texcoord u="0.625592" v="0.346699"/>
					</vertex>
					<vertex>
						<position x="-0.121043" y="2.730506" z="-0.121043"/>
						<normal x="0.001963" y="-0.999998" z="-0.000000"/>
						<texcoord u="0.625592" v="0.425424"/>
					</vertex>
					<vertex>
						<position x="-0.084853" y="0.263407" z="-0.084853"/>
						<normal x="-1.000000" y="0.000000" z="0.000000"/>
						<texcoord u="0.051852" v="0.999731"/>
					</vertex>
					<vertex>
						<position x="-0.084853" y="0.263407" z="0.084853"/>
						<normal x="-1.000000" y="0.000000" z="0.000000"/>
						<texcoord u="0.099348" v="0.999731"/>
					</vertex>
					<vertex>
						<position x="-0.084853" y="2.730577" z="0.084853"/>
						<normal x="-1.000000" y="0.000000" z="0.000000"/>
						<texcoord u="0.099348" v="0.308680"/>
					</vertex>
					<vertex>
						<position x="-0.084853" y="2.730577" z="-0.084853"/>
						<normal x="-1.000000" y="0.000000" z="0.000000"/>
						<texcoord u="0.051852" v="0.308681"/>
					</vertex>
					<vertex>
						<position x="0.121043" y="2.730506" z="0.121042"/>
						<normal x="1.000000" y="0.000000" z="-0.000004"/>
						<texcoord u="0.146843" v="0.308680"/>
					</vertex>
					<vertex>
						<position x="0.121042" y="2.730506" z="-0.121043"/>
						<normal x="1.000000" y="0.000000" z="-0.000004"/>
						<texcoord u="0.194339" v="0.308681"/>
					</vertex>
					<vertex>
						<position x="0.121042" y="3.996751" z="-0.121043"/>
						<normal x="1.000000" y="0.000000" z="-0.000004"/>
						<texcoord u="0.194339" v="0.057245"/>
					</vertex>
					<vertex>
						<position x="0.121043" y="3.996751" z="0.121042"/>
						<normal x="1.000000" y="0.000000" z="-0.000004"/>
						<texcoord u="0.146843" v="0.057245"/>
					</vertex>
					<vertex>
						<position x="0.121043" y="4.259870" z="-0.121043"/>
						<normal x="0.000000" y="1.000000" z="0.000000"/>
						<texcoord u="0.594894" v="0.349418"/>
					</vertex>
					<vertex>
						<position x="-0.121043" y="4.259870" z="-0.121043"/>
						<normal x="0.000000" y="1.000000" z="0.000000"/>
						<texcoord u="0.517110" v="0.349418"/>
					</vertex>
					<vertex>
						<position x="-0.121042" y="4.259870" z="0.121042"/>
						<normal x="0.000000" y="1.000000" z="0.000000"/>
						<texcoord u="0.517110" v="0.428143"/>
					</vertex>
					<vertex>
						<position x="0.121043" y="4.259870" z="0.121042"/>
						<normal x="0.000000" y="1.000000" z="-0.000000"/>
						<texcoord u="0.594894" v="0.428143"/>
					</vertex>
					<vertex>
						<position x="0.121043" y="4.061277" z="-0.121043"/>
						<normal x="0.000000" y="0.000000" z="-1.000000"/>
						<texcoord u="0.146843" v="0.044546"/>
					</vertex>
					<vertex>
						<position x="-0.121043" y="4.061277" z="-0.121043"/>
						<normal x="0.000000" y="0.000000" z="-1.000000"/>
						<texcoord u="0.194339" v="0.044545"/>
					</vertex>
					<vertex>
						<position x="-0.121043" y="4.259870" z="-0.121043"/>
						<normal x="0.000000" y="0.000000" z="-1.000000"/>
						<texcoord u="0.194339" v="0.005632"/>
					</vertex>
					<vertex>
						<position x="0.121043" y="4.259870" z="-0.121043"/>
						<normal x="0.000000" y="0.000000" z="-1.000000"/>
						<texcoord u="0.146843" v="0.005632"/>
					</vertex>
					<vertex>
						<position x="0.084853" y="4.061395" z="-0.084853"/>
						<normal x="0.000000" y="-0.999995" z="0.003268"/>
						<texcoord u="0.691748" v="0.413655"/>
					</vertex>
					<vertex>
						<position x="-0.084853" y="4.061395" z="-0.084853"/>
						<normal x="0.000000" y="-0.999995" z="0.003268"/>
						<texcoord u="0.637220" v="0.413656"/>
					</vertex>
					<vertex>
						<position x="-0.121043" y="4.061277" z="-0.121043"/>
						<normal x="0.000000" y="-0.999995" z="0.003268"/>
						<texcoord u="0.625592" v="0.425424"/>
					</vertex>
					<vertex>
						<position x="0.121043" y="4.061277" z="-0.121043"/>
						<normal x="0.000000" y="-0.999995" z="0.003268"/>
						<texcoord u="0.703376" v="0.425424"/>
					</vertex>
					<vertex>
						<position x="0.084853" y="3.996584" z="-0.084853"/>
						<normal x="0.000000" y="0.000000" z="-1.000000"/>
						<texcoord u="0.146843" v="0.057245"/>
					</vertex>
					<vertex>
						<position x="-0.084853" y="3.996584" z="-0.084853"/>
						<normal x="0.000000" y="0.000000" z="-1.000000"/>
						<texcoord u="0.194339" v="0.057245"/>
					</vertex>
					<vertex>
						<position x="-0.084853" y="4.061395" z="-0.084853"/>
						<normal x="0.000000" y="0.000000" z="-1.000000"/>
						<texcoord u="0.194339" v="0.044545"/>
					</vertex>
					<vertex>
						<position x="0.084853" y="4.061395" z="-0.084853"/>
						<normal x="0.000000" y="0.000000" z="-1.000000"/>
						<texcoord u="0.146843" v="0.044546"/>
					</vertex>
					<vertex>
						<position x="0.121042" y="3.996751" z="-0.121043"/>
						<normal x="0.000000" y="0.999989" z="0.004618"/>
						<texcoord u="0.703376" v="0.346699"/>
					</vertex>
					<vertex>
						<position x="-0.121043" y="3.996751" z="-0.121043"/>
						<normal x="0.000000" y="0.999989" z="0.004618"/>
						<texcoord u="0.625592" v="0.346699"/>
					</vertex>
					<vertex>
						<position x="-0.084853" y="3.996584" z="-0.084853"/>
						<normal x="0.000000" y="0.999989" z="0.004618"/>
						<texcoord u="0.637220" v="0.358468"/>
					</vertex>
					<vertex>
						<position x="0.084853" y="3.996584" z="-0.084853"/>
						<normal x="0.000000" y="0.999989" z="0.004618"/>
						<texcoord u="0.691748" v="0.358468"/>
					</vertex>
					<vertex>
						<position x="0.121042" y="2.730506" z="-0.121043"/>
						<normal x="0.000000" y="0.000000" z="-1.000000"/>
						<texcoord u="0.004356" v="0.308681"/>
					</vertex>
					<vertex>
						<position x="-0.121043" y="2.730506" z="-0.121043"/>
						<normal x="0.000000" y="0.000000" z="-1.000000"/>
						<texcoord u="0.051852" v="0.308681"/>
					</vertex>
					<vertex>
						<position x="-0.121043" y="3.996751" z="-0.121043"/>
						<normal x="0.000000" y="0.000000" z="-1.000000"/>
						<texcoord u="0.051852" v="0.057245"/>
					</vertex>
					<vertex>
						<position x="0.121042" y="3.996751" z="-0.121043"/>
						<normal x="0.000000" y="0.000000" z="-1.000000"/>
						<texcoord u="0.004356" v="0.057245"/>
					</vertex>
					<vertex>
						<position x="0.084853" y="2.730577" z="-0.084853"/>
						<normal x="0.000000" y="-0.999998" z="0.001963"/>
						<texcoord u="0.691748" v="0.413655"/>
					</vertex>
					<vertex>
						<position x="-0.084853" y="2.730577" z="-0.084853"/>
						<normal x="0.000000" y="-0.999998" z="0.001963"/>
						<texcoord u="0.637220" v="0.413656"/>
					</vertex>
					<vertex>
						<position x="-0.121043" y="2.730506" z="-0.121043"/>
						<normal x="0.000000" y="-0.999998" z="0.001963"/>
						<texcoord u="0.625592" v="0.425424"/>
					</vertex>
					<vertex>
						<position x="0.121042" y="2.730506" z="-0.121043"/>
						<normal x="0.000000" y="-0.999998" z="0.001963"/>
						<texcoord u="0.703376" v="0.425424"/>
					</vertex>
					<vertex>
						<position x="0.084853" y="0.263407" z="-0.084853"/>
						<normal x="0.000000" y="0.000000" z="-1.000000"/>
						<texcoord u="0.004356" v="0.999731"/>
					</vertex>
					<vertex>
						<position x="-0.084853" y="0.263407" z="-0.084853"/>
						<normal x="0.000000" y="0.000000" z="-1.000000"/>
						<texcoord u="0.051852" v="0.999731"/>
					</vertex>
					<vertex>
						<position x="-0.084853" y="2.730577" z="-0.084853"/>
						<normal x="0.000000" y="0.000000" z="-1.000000"/>
						<texcoord u="0.051852" v="0.308681"/>
					</vertex>
					<vertex>
						<position x="0.084853" y="2.730577" z="-0.084853"/>
						<normal x="0.000000" y="0.000000" z="-1.000000"/>
						<texcoord u="0.004356" v="0.308681"/>
					</vertex>
					<vertex>
						<position x="0.084853" y="2.730577" z="0.084853"/>
						<normal x="-0.001963" y="-0.999998" z="-0.000000"/>
						<texcoord u="0.691748" v="0.358468"/>
					</vertex>
					<vertex>
						<position x="0.084853" y="2.730577" z="-0.084853"/>
						<normal x="-0.001963" y="-0.999998" z="-0.000000"/>
						<texcoord u="0.691748" v="0.413655"/>
					</vertex>
					<vertex>
						<position x="0.121042" y="2.730506" z="-0.121043"/>
						<normal x="-0.001963" y="-0.999998" z="-0.000000"/>
						<texcoord u="0.703376" v="0.425424"/>
					</vertex>
					<vertex>
						<position x="0.121043" y="2.730506" z="0.121042"/>
						<normal x="-0.001963" y="-0.999998" z="0.000000"/>
						<texcoord u="0.703376" v="0.346699"/>
					</vertex>
					<vertex>
						<position x="-0.104541" y="3.000523" z="-0.040000"/>
						<normal x="0.000000" y="-1.000000" z="0.000000"/>
						<texcoord u="0.602253" v="0.986933"/>
					</vertex>
					<vertex>
						<position x="-0.104541" y="3.000523" z="0.040000"/>
						<normal x="0.000000" y="-1.000000" z="0.000000"/>
						<texcoord u="0.578180" v="0.986933"/>
					</vertex>
					<vertex>
						<position x="-1.312870" y="3.000523" z="0.040000"/>
						<normal x="0.000000" y="-1.000000" z="0.000000"/>
						<texcoord u="0.578180" v="0.601844"/>
					</vertex>
					<vertex>
						<position x="-1.312870" y="3.000523" z="-0.040000"/>
						<normal x="0.000000" y="-1.000000" z="0.000000"/>
						<texcoord u="0.602254" v="0.601844"/>
					</vertex>
					<vertex>
						<position x="-1.312870" y="3.330523" z="-0.040000"/>
						<normal x="0.000000" y="1.000000" z="0.000000"/>
						<texcoord u="0.701743" v="0.601844"/>
					</vertex>
					<vertex>
						<position x="-1.312870" y="3.330523" z="0.040000"/>
						<normal x="0.000000" y="1.000000" z="0.000000"/>
						<texcoord u="0.725815" v="0.601844"/>
					</vertex>
					<vertex>
						<position x="-0.104541" y="3.330523" z="0.040000"/>
						<normal x="0.000000" y="1.000000" z="0.000000"/>
						<texcoord u="0.725815" v="0.986933"/>
					</vertex>
					<vertex>
						<position x="-0.104541" y="3.330523" z="-0.040000"/>
						<normal x="0.000000" y="1.000000" z="0.000000"/>
						<texcoord u="0.701743" v="0.986933"/>
					</vertex>
					<vertex>
						<position x="-1.511604" y="3.204051" z="-0.040000"/>
						<normal x="-0.536890" y="0.843652" z="0.000000"/>
						<texcoord u="0.715223" v="0.538509"/>
					</vertex>
					<vertex>
						<position x="-1.511604" y="3.204051" z="0.040000"/>
						<normal x="-0.536890" y="0.843652" z="0.000000"/>
						<texcoord u="0.715223" v="0.511327"/>
					</vertex>
					<vertex>
						<position x="-1.312870" y="3.330523" z="0.040000"/>
						<normal x="-0.536890" y="0.843652" z="0.000000"/>
						<texcoord u="0.663613" v="0.511327"/>
					</vertex>
					<vertex>
						<position x="-1.312870" y="3.330523" z="-0.040000"/>
						<normal x="-0.536890" y="0.843652" z="0.000000"/>
						<texcoord u="0.663613" v="0.538509"/>
					</vertex>
					<vertex>
						<position x="-1.312870" y="3.000523" z="-0.040000"/>
						<normal x="0.000000" y="0.000000" z="-1.000000"/>
						<texcoord u="0.602254" v="0.601844"/>
					</vertex>
					<vertex>
						<position x="-1.511604" y="3.126996" z="-0.040000"/>
						<normal x="0.000000" y="0.000000" z="-1.000000"/>
						<texcoord u="0.640382" v="0.538509"/>
					</vertex>
					<vertex>
						<position x="-1.511604" y="3.204051" z="-0.040000"/>
						<normal x="0.000000" y="0.000000" z="-1.000000"/>
						<texcoord u="0.663613" v="0.538508"/>
					</vertex>
					<vertex>
						<position x="-1.312870" y="3.330523" z="-0.040000"/>
						<normal x="0.000000" y="0.000000" z="-1.000000"/>
						<texcoord u="0.701743" v="0.601844"/>
					</vertex>
					<vertex>
						<position x="-0.104541" y="3.000523" z="-0.040000"/>
						<normal x="0.000000" y="0.000000" z="-1.000000"/>
						<texcoord u="0.602253" v="0.986933"/>
					</vertex>
					<vertex>
						<position x="-0.104541" y="3.330523" z="-0.040000"/>
						<normal x="0.000000" y="0.000000" z="-1.000000"/>
						<texcoord u="0.701743" v="0.986933"/>
					</vertex>
					<vertex>
						<position x="-1.312870" y="3.000523" z="-0.040000"/>
						<normal x="-0.536893" y="-0.843650" z="0.000000"/>
						<texcoord u="0.588773" v="0.538509"/>
					</vertex>
					<vertex>
						<position x="-1.312870" y="3.000523" z="0.040000"/>
						<normal x="-0.536893" y="-0.843650" z="0.000000"/>
						<texcoord u="0.588773" v="0.511327"/>
					</vertex>
					<vertex>
						<position x="-1.511604" y="3.126996" z="0.040000"/>
						<normal x="-0.536893" y="-0.843650" z="0.000000"/>
						<texcoord u="0.640382" v="0.511326"/>
					</vertex>
					<vertex>
						<position x="-1.511604" y="3.126996" z="-0.040000"/>
						<normal x="-0.536893" y="-0.843650" z="0.000000"/>
						<texcoord u="0.640382" v="0.538508"/>
					</vertex>
					<vertex>
						<position x="-1.312870" y="3.000523" z="0.040000"/>
						<normal x="0.000000" y="0.000000" z="1.000000"/>
						<texcoord u="0.578180" v="0.601844"/>
					</vertex>
					<vertex>
						<position x="-0.104541" y="3.000523" z="0.040000"/>
						<normal x="0.000000" y="0.000000" z="1.000000"/>
						<texcoord u="0.578180" v="0.986933"/>
					</vertex>
					<vertex>
						<position x="-0.104541" y="3.330523" z="0.040000"/>
						<normal x="0.000000" y="0.000000" z="1.000000"/>
						<texcoord u="0.478691" v="0.986933"/>
					</vertex>
					<vertex>
						<position x="-1.312870" y="3.330523" z="0.040000"/>
						<normal x="0.000000" y="0.000000" z="1.000000"/>
						<texcoord u="0.478691" v="0.601844"/>
					</vertex>
					<vertex>
						<position x="-1.511604" y="3.126996" z="0.040000"/>
						<normal x="-0.000000" y="0.000000" z="1.000000"/>
						<texcoord u="0.540051" v="0.538509"/>
					</vertex>
					<vertex>
						<position x="-1.511604" y="3.204051" z="0.040000"/>
						<normal x="0.000000" y="0.000000" z="1.000000"/>
						<texcoord u="0.516820" v="0.538509"/>
					</vertex>
					<vertex>
						<position x="-1.511604" y="3.126996" z="-0.040000"/>
						<normal x="-1.000000" y="0.000000" z="0.000000"/>
						<texcoord u="0.640382" v="0.538509"/>
					</vertex>
					<vertex>
						<position x="-1.511604" y="3.126996" z="0.040000"/>
						<normal x="-1.000000" y="0.000000" z="0.000000"/>
						<texcoord u="0.640382" v="0.511327"/>
					</vertex>
					<vertex>
						<position x="-1.511604" y="3.204051" z="0.040000"/>
						<normal x="-1.000000" y="0.000000" z="0.000000"/>
						<texcoord u="0.663613" v="0.511327"/>
					</vertex>
					<vertex>
						<position x="-1.511604" y="3.204051" z="-0.040000"/>
						<normal x="-1.000000" y="0.000000" z="0.000000"/>
						<texcoord u="0.663613" v="0.538509"/>
					</vertex>
					<vertex>
						<position x="0.078808" y="0.125875" z="0.242546"/>
						<normal x="0.000000" y="1.000000" z="-0.000000"/>
						<texcoord u="0.586510" v="0.228726"/>
					</vertex>
					<vertex>
						<position x="-0.236069" y="0.125875" z="0.726546"/>
						<normal x="0.000000" y="1.000000" z="-0.000000"/>
						<texcoord u="0.516111" v="0.338245"/>
					</vertex>
					<vertex>
						<position x="0.236069" y="0.125875" z="0.726546"/>
						<normal x="0.000000" y="1.000000" z="-0.000000"/>
						<texcoord u="0.621670" v="0.338245"/>
					</vertex>
					<vertex>
						<position x="0.618037" y="-0.675161" z="-0.449030"/>
						<normal x="0.741027" y="0.000000" z="-0.671475"/>
						<texcoord u="0.201038" v="0.707778"/>
					</vertex>
					<vertex>
						<position x="0.236069" y="-0.675161" z="-0.726546"/>
						<normal x="0.204812" y="0.000000" z="-0.978801"/>
						<texcoord u="0.201038" v="0.807422"/>
					</vertex>
					<vertex>
						<position x="0.236069" y="0.125875" z="-0.726546"/>
						<normal x="0.336054" y="0.571759" z="-0.748438"/>
						<texcoord u="0.380164" v="0.807420"/>
					</vertex>
					<vertex>
						<position x="0.618037" y="0.125875" z="-0.449030"/>
						<normal x="0.599736" y="0.722607" z="-0.343739"/>
						<texcoord u="0.380164" v="0.707777"/>
					</vertex>
					<vertex>
						<position x="-0.206322" y="0.125875" z="0.149902"/>
						<normal x="-0.309016" y="0.000000" z="0.951057"/>
						<texcoord u="0.404727" v="0.599753"/>
					</vertex>
					<vertex>
						<position x="0.078808" y="0.125875" z="0.242546"/>
						<normal x="-0.309016" y="0.000000" z="0.951057"/>
						<texcoord u="0.404727" v="0.702024"/>
					</vertex>
					<vertex>
						<position x="0.078808" y="0.261875" z="0.242546"/>
						<normal x="-0.309016" y="0.000000" z="0.951057"/>
						<texcoord u="0.446689" v="0.702024"/>
					</vertex>
					<vertex>
						<position x="-0.206322" y="0.261875" z="0.149902"/>
						<normal x="-0.309016" y="0.000000" z="0.951057"/>
						<texcoord u="0.446689" v="0.599753"/>
					</vertex>
					<vertex>
						<position x="0.763936" y="-0.675161" z="0.000000"/>
						<normal x="0.994187" y="0.000000" z="-0.107671"/>
						<texcoord u="0.201038" v="0.607367"/>
					</vertex>
					<vertex>
						<position x="0.763936" y="0.125875" z="-0.000000"/>
						<normal x="0.815660" y="0.571750" z="0.088323"/>
						<texcoord u="0.380164" v="0.607365"/>
					</vertex>
					<vertex>
						<position x="-0.206322" y="0.125875" z="-0.149902"/>
						<normal x="-1.000000" y="0.000000" z="0.000000"/>
						<texcoord u="0.404727" v="0.492218"/>
					</vertex>
					<vertex>
						<position x="-0.206322" y="0.125875" z="0.149902"/>
						<normal x="-1.000000" y="0.000000" z="0.000000"/>
						<texcoord u="0.404727" v="0.599753"/>
					</vertex>
					<vertex>
						<position x="-0.206322" y="0.261875" z="0.149902"/>
						<normal x="-1.000000" y="0.000000" z="0.000000"/>
						<texcoord u="0.446689" v="0.599753"/>
					</vertex>
					<vertex>
						<position x="-0.206322" y="0.261875" z="-0.149902"/>
						<normal x="-1.000000" y="0.000000" z="0.000000"/>
						<texcoord u="0.446689" v="0.492218"/>
					</vertex>
					<vertex>
						<position x="0.255028" y="0.261875" z="-0.000000"/>
						<normal x="0.809017" y="0.000000" z="-0.587785"/>
						<texcoord u="0.446689" v="0.789021"/>
					</vertex>
					<vertex>
						<position x="0.255028" y="0.125875" z="-0.000000"/>
						<normal x="0.809017" y="0.000000" z="-0.587785"/>
						<texcoord u="0.404727" v="0.789021"/>
					</vertex>
					<vertex>
						<position x="0.078808" y="0.261875" z="-0.242546"/>
						<normal x="0.809017" y="0.000000" z="-0.587785"/>
						<texcoord u="0.446689" v="0.876019"/>
					</vertex>
					<vertex>
						<position x="0.078808" y="0.125875" z="-0.242546"/>
						<normal x="0.809017" y="0.000000" z="-0.587785"/>
						<texcoord u="0.404727" v="0.876019"/>
					</vertex>
					<vertex>
						<position x="0.618037" y="-0.675161" z="0.449030"/>
						<normal x="0.867606" y="0.000000" z="0.497253"/>
						<texcoord u="0.201038" v="0.506956"/>
					</vertex>
					<vertex>
						<position x="0.618037" y="0.125875" z="0.449030"/>
						<normal x="0.512237" y="0.722607" z="0.464169"/>
						<texcoord u="0.380164" v="0.506955"/>
					</vertex>
					<vertex>
						<position x="-0.618037" y="-0.675161" z="0.449030"/>
						<normal x="-0.741027" y="0.000000" z="0.671475"/>
						<texcoord u="0.201038" v="0.202089"/>
					</vertex>
					<vertex>
						<position x="-0.236069" y="-0.675161" z="0.726546"/>
						<normal x="-0.204812" y="0.000000" z="0.978801"/>
						<texcoord u="0.201038" v="0.298887"/>
					</vertex>
					<vertex>
						<position x="-0.236069" y="0.125875" z="0.726546"/>
						<normal x="-0.283161" y="0.722612" z="0.630596"/>
						<texcoord u="0.380164" v="0.298887"/>
					</vertex>
					<vertex>
						<position x="-0.618037" y="0.125875" z="0.449030"/>
						<normal x="-0.711808" y="0.571754" z="0.407955"/>
						<texcoord u="0.380164" v="0.202089"/>
					</vertex>
					<vertex>
						<position x="0.236069" y="-0.675161" z="0.726546"/>
						<normal x="0.409630" y="0.000000" z="0.912252"/>
						<texcoord u="0.201038" v="0.404465"/>
					</vertex>
					<vertex>
						<position x="0.236069" y="0.125875" z="0.726546"/>
						<normal x="0.168011" y="0.571757" z="0.803036"/>
						<texcoord u="0.380164" v="0.404465"/>
					</vertex>
					<vertex>
						<position x="0.255028" y="0.125875" z="-0.000000"/>
						<normal x="0.809017" y="-0.000000" z="0.587785"/>
						<texcoord u="0.404727" v="0.789021"/>
					</vertex>
					<vertex>
						<position x="0.255028" y="0.261875" z="-0.000000"/>
						<normal x="0.809017" y="-0.000000" z="0.587785"/>
						<texcoord u="0.446689" v="0.789021"/>
					</vertex>
					<vertex>
						<position x="0.078808" y="0.125875" z="0.242546"/>
						<normal x="0.809017" y="-0.000000" z="0.587785"/>
						<texcoord u="0.404727" v="0.702024"/>
					</vertex>
					<vertex>
						<position x="0.078808" y="0.261875" z="0.242546"/>
						<normal x="0.809017" y="0.000000" z="0.587785"/>
						<texcoord u="0.446689" v="0.702024"/>
					</vertex>
					<vertex>
						<position x="-0.236069" y="-0.675161" z="-0.726546"/>
						<normal x="-0.409630" y="0.000000" z="-0.912252"/>
						<texcoord u="0.201038" v="0.913001"/>
					</vertex>
					<vertex>
						<position x="-0.236069" y="0.125875" z="-0.726546"/>
						<normal x="-0.141578" y="0.722602" z="-0.676610"/>
						<texcoord u="0.380164" v="0.913000"/>
					</vertex>
					<vertex>
						<position x="0.078808" y="0.125875" z="-0.242546"/>
						<normal x="-0.309016" y="0.000000" z="-0.951057"/>
						<texcoord u="0.404727" v="0.876019"/>
					</vertex>
					<vertex>
						<position x="-0.206322" y="0.125875" z="-0.149902"/>
						<normal x="-0.309016" y="0.000000" z="-0.951057"/>
						<texcoord u="0.404726" v="0.978290"/>
					</vertex>
					<vertex>
						<position x="-0.206322" y="0.261875" z="-0.149902"/>
						<normal x="-0.309016" y="0.000000" z="-0.951057"/>
						<texcoord u="0.446689" v="0.978290"/>
					</vertex>
					<vertex>
						<position x="0.078808" y="0.261875" z="-0.242546"/>
						<normal x="-0.309016" y="0.000000" z="-0.951057"/>
						<texcoord u="0.446689" v="0.876019"/>
					</vertex>
					<vertex>
						<position x="-0.763936" y="-0.675161" z="0.000000"/>
						<normal x="-0.994187" y="0.000000" z="0.107671"/>
						<texcoord u="0.201038" v="0.101678"/>
					</vertex>
					<vertex>
						<position x="-0.763936" y="0.125875" z="-0.000000"/>
						<normal x="-0.687239" y="0.722611" z="-0.074407"/>
						<texcoord u="0.380164" v="0.101678"/>
					</vertex>
					<vertex>
						<position x="-0.618037" y="-0.675161" z="-0.449030"/>
						<normal x="-0.867606" y="0.000000" z="-0.497253"/>
						<texcoord u="0.201038" v="0.001267"/>
					</vertex>
					<vertex>
						<position x="-0.618037" y="0.125875" z="-0.449030"/>
						<normal x="-0.607948" y="0.571752" z="-0.550907"/>
						<texcoord u="0.380164" v="0.001267"/>
					</vertex>
					<vertex>
						<position x="-0.618037" y="-0.675161" z="-0.449030"/>
						<normal x="-0.867606" y="0.000000" z="-0.497253"/>
						<texcoord u="0.201038" v="0.998415"/>
					</vertex>
					<vertex>
						<position x="-0.618037" y="0.125875" z="-0.449030"/>
						<normal x="-0.607948" y="0.571752" z="-0.550907"/>
						<texcoord u="0.380164" v="0.998415"/>
					</vertex>
					<vertex>
						<position x="-0.206322" y="0.125875" z="0.149902"/>
						<normal x="0.000000" y="1.000000" z="0.000000"/>
						<texcoord u="0.522762" v="0.207762"/>
					</vertex>
					<vertex>
						<position x="-0.618037" y="0.125875" z="0.449030"/>
						<normal x="0.000000" y="1.000000" z="0.000000"/>
						<texcoord u="0.430713" v="0.275449"/>
					</vertex>
					<vertex>
						<position x="-0.206322" y="0.125875" z="0.149902"/>
						<normal x="0.000000" y="1.000000" z="0.000000"/>
						<texcoord u="0.522762" v="0.207763"/>
					</vertex>
					<vertex>
						<position x="-0.206322" y="0.125875" z="-0.149902"/>
						<normal x="0.000000" y="1.000000" z="0.000000"/>
						<texcoord u="0.522762" v="0.139923"/>
					</vertex>
					<vertex>
						<position x="-0.763936" y="0.125875" z="-0.000000"/>
						<normal x="0.000000" y="1.000000" z="0.000000"/>
						<texcoord u="0.398093" v="0.173843"/>
					</vertex>
					<vertex>
						<position x="-0.236069" y="0.125875" z="-0.726546"/>
						<normal x="0.000000" y="1.000000" z="0.000000"/>
						<texcoord u="0.516111" v="0.009440"/>
					</vertex>
					<vertex>
						<position x="-0.618037" y="0.125875" z="-0.449030"/>
						<normal x="0.000000" y="1.000000" z="0.000000"/>
						<texcoord u="0.430713" v="0.072236"/>
					</vertex>
					<vertex>
						<position x="0.255028" y="0.125875" z="-0.000000"/>
						<normal x="0.000000" y="1.000000" z="0.000000"/>
						<texcoord u="0.625909" v="0.173843"/>
					</vertex>
					<vertex>
						<position x="0.618037" y="0.125875" z="0.449030"/>
						<normal x="0.000000" y="1.000000" z="0.000000"/>
						<texcoord u="0.707069" v="0.275449"/>
					</vertex>
					<vertex>
						<position x="0.763936" y="0.125875" z="-0.000000"/>
						<normal x="0.000000" y="1.000000" z="0.000000"/>
						<texcoord u="0.739688" v="0.173843"/>
					</vertex>
					<vertex>
						<position x="0.618037" y="0.125875" z="-0.449030"/>
						<normal x="-0.000000" y="1.000000" z="0.000000"/>
						<texcoord u="0.707069" v="0.072236"/>
					</vertex>
					<vertex>
						<position x="0.078808" y="0.125875" z="-0.242546"/>
						<normal x="0.000000" y="1.000000" z="0.000000"/>
						<texcoord u="0.586510" v="0.118959"/>
					</vertex>
					<vertex>
						<position x="0.236069" y="0.125875" z="-0.726546"/>
						<normal x="0.000000" y="1.000000" z="0.000000"/>
						<texcoord u="0.621670" v="0.009440"/>
					</vertex>
					<vertex>
						<position x="0.255028" y="0.261875" z="-0.000000"/>
						<normal x="0.000000" y="1.000000" z="0.000000"/>
						<texcoord u="0.509363" v="0.378868"/>
					</vertex>
					<vertex>
						<position x="0.078808" y="0.261875" z="-0.242546"/>
						<normal x="0.000000" y="1.000000" z="0.000000"/>
						<texcoord u="0.469964" v="0.323985"/>
					</vertex>
					<vertex>
						<position x="-0.206322" y="0.261875" z="-0.149902"/>
						<normal x="0.000000" y="1.000000" z="0.000000"/>
						<texcoord u="0.406216" v="0.344948"/>
					</vertex>
					<vertex>
						<position x="-0.206322" y="0.261875" z="0.149902"/>
						<normal x="0.000000" y="1.000000" z="0.000000"/>
						<texcoord u="0.406216" v="0.412788"/>
					</vertex>
					<vertex>
						<position x="0.078808" y="0.261875" z="0.242546"/>
						<normal x="0.000000" y="1.000000" z="0.000000"/>
						<texcoord u="0.469964" v="0.433751"/>
					</vertex>
				</vertexbuffer>
			</geometry>
		</submesh>
	</submeshes>
</mesh>
