<mesh>
	<submeshes>
		<submesh material="fskin.002/SOLID/TEX/fskin.jpg" usesharedvertices="false">
			<faces count="244">
				<face v1="0" v2="1" v3="2"/>
				<face v1="1" v2="3" v3="2"/>
				<face v1="2" v2="3" v3="4"/>
				<face v1="2" v2="4" v3="5"/>
				<face v1="5" v2="4" v3="6"/>
				<face v1="4" v2="7" v3="6"/>
				<face v1="6" v2="7" v3="8"/>
				<face v1="6" v2="8" v3="9"/>
				<face v1="9" v2="8" v3="10"/>
				<face v1="8" v2="11" v3="10"/>
				<face v1="10" v2="11" v3="12"/>
				<face v1="10" v2="12" v3="13"/>
				<face v1="14" v2="15" v3="16"/>
				<face v1="15" v2="17" v3="16"/>
				<face v1="16" v2="17" v3="18"/>
				<face v1="16" v2="18" v3="19"/>
				<face v1="19" v2="18" v3="20"/>
				<face v1="18" v2="21" v3="20"/>
				<face v1="20" v2="21" v3="22"/>
				<face v1="20" v2="22" v3="23"/>
				<face v1="23" v2="22" v3="24"/>
				<face v1="22" v2="25" v3="24"/>
				<face v1="24" v2="25" v3="26"/>
				<face v1="24" v2="26" v3="27"/>
				<face v1="27" v2="26" v3="28"/>
				<face v1="26" v2="29" v3="28"/>
				<face v1="28" v2="29" v3="30"/>
				<face v1="28" v2="30" v3="31"/>
				<face v1="31" v2="30" v3="32"/>
				<face v1="30" v2="33" v3="32"/>
				<face v1="32" v2="33" v3="34"/>
				<face v1="32" v2="34" v3="35"/>
				<face v1="35" v2="34" v3="36"/>
				<face v1="34" v2="37" v3="36"/>
				<face v1="36" v2="37" v3="38"/>
				<face v1="36" v2="38" v3="39"/>
				<face v1="39" v2="38" v3="40"/>
				<face v1="38" v2="41" v3="40"/>
				<face v1="40" v2="41" v3="42"/>
				<face v1="40" v2="42" v3="43"/>
				<face v1="43" v2="42" v3="44"/>
				<face v1="42" v2="45" v3="44"/>
				<face v1="44" v2="45" v3="46"/>
				<face v1="44" v2="46" v3="47"/>
				<face v1="47" v2="46" v3="48"/>
				<face v1="46" v2="49" v3="48"/>
				<face v1="48" v2="49" v3="1"/>
				<face v1="1" v2="0" v3="48"/>
				<face v1="50" v2="51" v3="52"/>
				<face v1="53" v2="54" v3="55"/>
				<face v1="53" v2="55" v3="56"/>
				<face v1="52" v2="51" v3="57"/>
				<face v1="56" v2="55" v3="58"/>
				<face v1="55" v2="59" v3="58"/>
				<face v1="57" v2="51" v3="60"/>
				<face v1="58" v2="59" v3="61"/>
				<face v1="58" v2="61" v3="62"/>
				<face v1="60" v2="51" v3="63"/>
				<face v1="62" v2="61" v3="64"/>
				<face v1="61" v2="65" v3="64"/>
				<face v1="63" v2="51" v3="66"/>
				<face v1="64" v2="65" v3="67"/>
				<face v1="64" v2="67" v3="68"/>
				<face v1="66" v2="51" v3="69"/>
				<face v1="68" v2="67" v3="70"/>
				<face v1="67" v2="71" v3="70"/>
				<face v1="69" v2="51" v3="72"/>
				<face v1="70" v2="71" v3="73"/>
				<face v1="70" v2="73" v3="74"/>
				<face v1="72" v2="51" v3="75"/>
				<face v1="74" v2="73" v3="76"/>
				<face v1="73" v2="77" v3="76"/>
				<face v1="75" v2="51" v3="78"/>
				<face v1="76" v2="77" v3="79"/>
				<face v1="76" v2="79" v3="80"/>
				<face v1="78" v2="51" v3="81"/>
				<face v1="80" v2="79" v3="82"/>
				<face v1="79" v2="83" v3="82"/>
				<face v1="81" v2="51" v3="84"/>
				<face v1="82" v2="83" v3="85"/>
				<face v1="82" v2="85" v3="86"/>
				<face v1="84" v2="51" v3="87"/>
				<face v1="86" v2="85" v3="88"/>
				<face v1="85" v2="89" v3="88"/>
				<face v1="87" v2="51" v3="90"/>
				<face v1="88" v2="89" v3="91"/>
				<face v1="88" v2="91" v3="92"/>
				<face v1="90" v2="51" v3="93"/>
				<face v1="92" v2="91" v3="94"/>
				<face v1="91" v2="95" v3="94"/>
				<face v1="93" v2="51" v3="96"/>
				<face v1="94" v2="95" v3="97"/>
				<face v1="94" v2="97" v3="98"/>
				<face v1="96" v2="51" v3="99"/>
				<face v1="98" v2="97" v3="100"/>
				<face v1="97" v2="101" v3="100"/>
				<face v1="99" v2="51" v3="102"/>
				<face v1="100" v2="101" v3="103"/>
				<face v1="100" v2="103" v3="104"/>
				<face v1="102" v2="51" v3="105"/>
				<face v1="104" v2="103" v3="106"/>
				<face v1="103" v2="107" v3="106"/>
				<face v1="105" v2="51" v3="108"/>
				<face v1="106" v2="107" v3="109"/>
				<face v1="106" v2="109" v3="110"/>
				<face v1="108" v2="51" v3="111"/>
				<face v1="110" v2="109" v3="112"/>
				<face v1="109" v2="113" v3="112"/>
				<face v1="111" v2="51" v3="114"/>
				<face v1="112" v2="113" v3="115"/>
				<face v1="112" v2="115" v3="116"/>
				<face v1="114" v2="51" v3="117"/>
				<face v1="116" v2="115" v3="118"/>
				<face v1="115" v2="119" v3="118"/>
				<face v1="117" v2="51" v3="120"/>
				<face v1="118" v2="119" v3="121"/>
				<face v1="118" v2="121" v3="122"/>
				<face v1="120" v2="51" v3="50"/>
				<face v1="122" v2="121" v3="53"/>
				<face v1="121" v2="54" v3="53"/>
				<face v1="123" v2="124" v3="125"/>
				<face v1="124" v2="126" v3="125"/>
				<face v1="125" v2="127" v3="123"/>
				<face v1="127" v2="128" v3="123"/>
				<face v1="127" v2="129" v3="128"/>
				<face v1="129" v2="130" v3="128"/>
				<face v1="129" v2="131" v3="130"/>
				<face v1="130" v2="131" v3="132"/>
				<face v1="131" v2="126" v3="132"/>
				<face v1="124" v2="132" v3="126"/>
				<face v1="129" v2="127" v3="126"/>
				<face v1="127" v2="125" v3="126"/>
				<face v1="129" v2="126" v3="131"/>
				<face v1="133" v2="134" v3="135"/>
				<face v1="135" v2="134" v3="136"/>
				<face v1="134" v2="137" v3="136"/>
				<face v1="137" v2="138" v3="136"/>
				<face v1="137" v2="139" v3="140"/>
				<face v1="140" v2="138" v3="137"/>
				<face v1="139" v2="141" v3="140"/>
				<face v1="140" v2="141" v3="142"/>
				<face v1="141" v2="133" v3="135"/>
				<face v1="135" v2="142" v3="141"/>
				<face v1="135" v2="136" v3="142"/>
				<face v1="138" v2="142" v3="136"/>
				<face v1="138" v2="140" v3="142"/>
				<face v1="143" v2="144" v3="145"/>
				<face v1="144" v2="146" v3="145"/>
				<face v1="144" v2="147" v3="148"/>
				<face v1="144" v2="148" v3="146"/>
				<face v1="147" v2="149" v3="148"/>
				<face v1="149" v2="150" v3="148"/>
				<face v1="150" v2="146" v3="148"/>
				<face v1="150" v2="145" v3="146"/>
				<face v1="149" v2="151" v3="152"/>
				<face v1="152" v2="150" v3="149"/>
				<face v1="151" v2="143" v3="152"/>
				<face v1="143" v2="145" v3="152"/>
				<face v1="145" v2="150" v3="152"/>
				<face v1="153" v2="154" v3="155"/>
				<face v1="154" v2="156" v3="155"/>
				<face v1="156" v2="157" v3="155"/>
				<face v1="156" v2="158" v3="157"/>
				<face v1="153" v2="159" v3="154"/>
				<face v1="159" v2="160" v3="154"/>
				<face v1="160" v2="161" v3="162"/>
				<face v1="160" v2="159" v3="161"/>
				<face v1="161" v2="158" v3="162"/>
				<face v1="161" v2="157" v3="158"/>
				<face v1="162" v2="158" v3="156"/>
				<face v1="156" v2="154" v3="162"/>
				<face v1="162" v2="154" v3="160"/>
				<face v1="163" v2="164" v3="165"/>
				<face v1="166" v2="165" v3="164"/>
				<face v1="166" v2="167" v3="165"/>
				<face v1="165" v2="167" v3="168"/>
				<face v1="168" v2="167" v3="169"/>
				<face v1="169" v2="170" v3="168"/>
				<face v1="169" v2="171" v3="172"/>
				<face v1="172" v2="170" v3="169"/>
				<face v1="171" v2="164" v3="172"/>
				<face v1="164" v2="163" v3="172"/>
				<face v1="163" v2="170" v3="172"/>
				<face v1="163" v2="168" v3="170"/>
				<face v1="163" v2="165" v3="168"/>
				<face v1="128" v2="130" v3="173"/>
				<face v1="173" v2="134" v3="128"/>
				<face v1="173" v2="137" v3="134"/>
				<face v1="173" v2="143" v3="137"/>
				<face v1="173" v2="144" v3="143"/>
				<face v1="173" v2="155" v3="144"/>
				<face v1="173" v2="153" v3="155"/>
				<face v1="173" v2="167" v3="153"/>
				<face v1="173" v2="169" v3="167"/>
				<face v1="173" v2="130" v3="169"/>
				<face v1="128" v2="134" v3="133"/>
				<face v1="133" v2="123" v3="128"/>
				<face v1="137" v2="143" v3="139"/>
				<face v1="143" v2="151" v3="139"/>
				<face v1="144" v2="155" v3="147"/>
				<face v1="157" v2="147" v3="155"/>
				<face v1="153" v2="167" v3="159"/>
				<face v1="166" v2="159" v3="167"/>
				<face v1="169" v2="130" v3="132"/>
				<face v1="132" v2="171" v3="169"/>
				<face v1="116" v2="132" v3="112"/>
				<face v1="132" v2="124" v3="112"/>
				<face v1="124" v2="110" v3="112"/>
				<face v1="124" v2="123" v3="110"/>
				<face v1="123" v2="106" v3="110"/>
				<face v1="123" v2="104" v3="106"/>
				<face v1="123" v2="133" v3="104"/>
				<face v1="133" v2="100" v3="104"/>
				<face v1="133" v2="141" v3="98"/>
				<face v1="133" v2="98" v3="100"/>
				<face v1="141" v2="94" v3="98"/>
				<face v1="141" v2="139" v3="92"/>
				<face v1="92" v2="94" v3="141"/>
				<face v1="139" v2="88" v3="92"/>
				<face v1="139" v2="151" v3="88"/>
				<face v1="151" v2="86" v3="88"/>
				<face v1="151" v2="82" v3="86"/>
				<face v1="149" v2="82" v3="151"/>
				<face v1="149" v2="80" v3="82"/>
				<face v1="149" v2="147" v3="80"/>
				<face v1="147" v2="76" v3="80"/>
				<face v1="147" v2="74" v3="76"/>
				<face v1="147" v2="157" v3="74"/>
				<face v1="157" v2="70" v3="74"/>
				<face v1="157" v2="161" v3="70"/>
				<face v1="161" v2="68" v3="70"/>
				<face v1="161" v2="64" v3="68"/>
				<face v1="161" v2="159" v3="64"/>
				<face v1="64" v2="159" v3="62"/>
				<face v1="159" v2="166" v3="62"/>
				<face v1="58" v2="62" v3="166"/>
				<face v1="56" v2="58" v3="166"/>
				<face v1="56" v2="166" v3="164"/>
				<face v1="164" v2="53" v3="56"/>
				<face v1="164" v2="122" v3="53"/>
				<face v1="164" v2="171" v3="122"/>
				<face v1="122" v2="171" v3="118"/>
				<face v1="118" v2="171" v3="132"/>
				<face v1="132" v2="116" v3="118"/>
			</faces>
			<geometry vertexcount="174">
				<vertexbuffer positions="true" normals="true" texture_coords="1">
					<vertex>
						<position x="1.282779" y="0.000844" z="2.101476"/>
						<normal x="0.000000" y="-1.000000" z="-0.000000"/>
						<texcoord u="0.558436" v="0.916495"/>
					</vertex>
					<vertex>
						<position x="0.895821" y="0.000844" z="2.101476"/>
						<normal x="0.000000" y="-1.000000" z="-0.000000"/>
						<texcoord u="0.558436" v="0.998538"/>
					</vertex>
					<vertex>
						<position x="1.282779" y="0.017192" z="1.979411"/>
						<normal x="0.000000" y="-0.965413" z="-0.260725"/>
						<texcoord u="0.589461" v="0.916495"/>
					</vertex>
					<vertex>
						<position x="0.895821" y="0.017192" z="1.979411"/>
						<normal x="0.000000" y="-0.965413" z="-0.260725"/>
						<texcoord u="0.589461" v="0.998538"/>
					</vertex>
					<vertex>
						<position x="0.895821" y="0.064601" z="1.865520"/>
						<normal x="0.000000" y="-0.865696" z="-0.500569"/>
						<texcoord u="0.620485" v="0.998538"/>
					</vertex>
					<vertex>
						<position x="1.282779" y="0.064601" z="1.865520"/>
						<normal x="0.000000" y="-0.865696" z="-0.500569"/>
						<texcoord u="0.620485" v="0.916495"/>
					</vertex>
					<vertex>
						<position x="1.282779" y="0.139802" z="1.767432"/>
						<normal x="0.000000" y="-0.708052" z="-0.706160"/>
						<texcoord u="0.651509" v="0.916495"/>
					</vertex>
					<vertex>
						<position x="0.895821" y="0.139802" z="1.767432"/>
						<normal x="0.000000" y="-0.708052" z="-0.706160"/>
						<texcoord u="0.651509" v="0.998538"/>
					</vertex>
					<vertex>
						<position x="0.895821" y="0.237345" z="1.692230"/>
						<normal x="0.000000" y="-0.499966" z="-0.866045"/>
						<texcoord u="0.682534" v="0.998538"/>
					</vertex>
					<vertex>
						<position x="1.282779" y="0.237345" z="1.692230"/>
						<normal x="0.000000" y="-0.499966" z="-0.866045"/>
						<texcoord u="0.682534" v="0.916495"/>
					</vertex>
					<vertex>
						<position x="1.282779" y="0.351237" z="1.645366"/>
						<normal x="0.000000" y="-0.258774" z="-0.965938"/>
						<texcoord u="0.713558" v="0.916495"/>
					</vertex>
					<vertex>
						<position x="0.895821" y="0.351237" z="1.645366"/>
						<normal x="0.000000" y="-0.258774" z="-0.965938"/>
						<texcoord u="0.713558" v="0.998538"/>
					</vertex>
					<vertex>
						<position x="0.895821" y="0.473302" z="1.629018"/>
						<normal x="0.000000" y="-0.132725" z="-0.991153"/>
						<texcoord u="0.744582" v="0.998538"/>
					</vertex>
					<vertex>
						<position x="1.282779" y="0.473302" z="1.629018"/>
						<normal x="0.000000" y="-0.132725" z="-0.991153"/>
						<texcoord u="0.744582" v="0.916495"/>
					</vertex>
					<vertex>
						<position x="1.282779" y="0.473302" z="1.629018"/>
						<normal x="0.000000" y="0.132148" z="-0.991230"/>
						<texcoord u="-0.000000" v="0.916495"/>
					</vertex>
					<vertex>
						<position x="0.895821" y="0.473302" z="1.629018"/>
						<normal x="0.000000" y="0.132148" z="-0.991230"/>
						<texcoord u="-0.000000" v="0.998538"/>
					</vertex>
					<vertex>
						<position x="1.282779" y="0.595912" z="1.645366"/>
						<normal x="0.000000" y="0.258466" z="-0.966020"/>
						<texcoord u="0.031024" v="0.916495"/>
					</vertex>
					<vertex>
						<position x="0.895821" y="0.595912" z="1.645366"/>
						<normal x="0.000000" y="0.258466" z="-0.966020"/>
						<texcoord u="0.031024" v="0.998538"/>
					</vertex>
					<vertex>
						<position x="0.895821" y="0.709803" z="1.692230"/>
						<normal x="0.000000" y="0.499966" z="-0.866045"/>
						<texcoord u="0.062048" v="0.998538"/>
					</vertex>
					<vertex>
						<position x="1.282779" y="0.709803" z="1.692230"/>
						<normal x="0.000000" y="0.499966" z="-0.866045"/>
						<texcoord u="0.062048" v="0.916495"/>
					</vertex>
					<vertex>
						<position x="1.282779" y="0.807347" z="1.767432"/>
						<normal x="0.000000" y="0.708052" z="-0.706160"/>
						<texcoord u="0.093073" v="0.916495"/>
					</vertex>
					<vertex>
						<position x="0.895821" y="0.807347" z="1.767432"/>
						<normal x="0.000000" y="0.708052" z="-0.706160"/>
						<texcoord u="0.093073" v="0.998538"/>
					</vertex>
					<vertex>
						<position x="0.895821" y="0.882548" z="1.865520"/>
						<normal x="0.000000" y="0.865696" z="-0.500569"/>
						<texcoord u="0.124097" v="0.998538"/>
					</vertex>
					<vertex>
						<position x="1.282779" y="0.882548" z="1.865520"/>
						<normal x="0.000000" y="0.865696" z="-0.500569"/>
						<texcoord u="0.124097" v="0.916495"/>
					</vertex>
					<vertex>
						<position x="1.282779" y="0.929957" z="1.979411"/>
						<normal x="0.000000" y="0.965413" z="-0.260725"/>
						<texcoord u="0.155121" v="0.916495"/>
					</vertex>
					<vertex>
						<position x="0.895821" y="0.929957" z="1.979411"/>
						<normal x="0.000000" y="0.965413" z="-0.260725"/>
						<texcoord u="0.155121" v="0.998538"/>
					</vertex>
					<vertex>
						<position x="0.895821" y="0.946305" z="2.101476"/>
						<normal x="0.000000" y="1.000000" z="-0.000000"/>
						<texcoord u="0.186146" v="0.998538"/>
					</vertex>
					<vertex>
						<position x="1.282779" y="0.946305" z="2.101476"/>
						<normal x="0.000000" y="1.000000" z="-0.000000"/>
						<texcoord u="0.186146" v="0.916495"/>
					</vertex>
					<vertex>
						<position x="1.282779" y="0.929957" z="2.223542"/>
						<normal x="0.000000" y="0.965413" z="0.260725"/>
						<texcoord u="0.217170" v="0.916495"/>
					</vertex>
					<vertex>
						<position x="0.895821" y="0.929957" z="2.223542"/>
						<normal x="0.000000" y="0.965413" z="0.260725"/>
						<texcoord u="0.217170" v="0.998538"/>
					</vertex>
					<vertex>
						<position x="0.895821" y="0.882548" z="2.337433"/>
						<normal x="0.000000" y="0.865696" z="0.500569"/>
						<texcoord u="0.248194" v="0.998538"/>
					</vertex>
					<vertex>
						<position x="1.282779" y="0.882548" z="2.337433"/>
						<normal x="0.000000" y="0.865696" z="0.500569"/>
						<texcoord u="0.248194" v="0.916495"/>
					</vertex>
					<vertex>
						<position x="1.282779" y="0.807347" z="2.435521"/>
						<normal x="0.000000" y="0.708052" z="0.706160"/>
						<texcoord u="0.279218" v="0.916495"/>
					</vertex>
					<vertex>
						<position x="0.895821" y="0.807347" z="2.435521"/>
						<normal x="0.000000" y="0.708052" z="0.706160"/>
						<texcoord u="0.279218" v="0.998538"/>
					</vertex>
					<vertex>
						<position x="0.895821" y="0.709803" z="2.510722"/>
						<normal x="0.000000" y="0.499966" z="0.866045"/>
						<texcoord u="0.310243" v="0.998538"/>
					</vertex>
					<vertex>
						<position x="1.282779" y="0.709803" z="2.510722"/>
						<normal x="0.000000" y="0.499966" z="0.866045"/>
						<texcoord u="0.310243" v="0.916495"/>
					</vertex>
					<vertex>
						<position x="1.282779" y="0.595912" z="2.557587"/>
						<normal x="0.000000" y="0.258466" z="0.966020"/>
						<texcoord u="0.341267" v="0.916495"/>
					</vertex>
					<vertex>
						<position x="0.895821" y="0.595912" z="2.557587"/>
						<normal x="0.000000" y="0.258466" z="0.966020"/>
						<texcoord u="0.341267" v="0.998538"/>
					</vertex>
					<vertex>
						<position x="0.895821" y="0.473302" z="2.573935"/>
						<normal x="0.000000" y="-0.000275" z="1.000000"/>
						<texcoord u="0.372291" v="0.998538"/>
					</vertex>
					<vertex>
						<position x="1.282779" y="0.473302" z="2.573935"/>
						<normal x="0.000000" y="-0.000275" z="1.000000"/>
						<texcoord u="0.372291" v="0.916495"/>
					</vertex>
					<vertex>
						<position x="1.282779" y="0.351237" z="2.557587"/>
						<normal x="0.000000" y="-0.258774" z="0.965938"/>
						<texcoord u="0.403315" v="0.916495"/>
					</vertex>
					<vertex>
						<position x="0.895821" y="0.351237" z="2.557587"/>
						<normal x="0.000000" y="-0.258774" z="0.965938"/>
						<texcoord u="0.403315" v="0.998538"/>
					</vertex>
					<vertex>
						<position x="0.895821" y="0.237345" z="2.510722"/>
						<normal x="0.000000" y="-0.499966" z="0.866045"/>
						<texcoord u="0.434340" v="0.998538"/>
					</vertex>
					<vertex>
						<position x="1.282779" y="0.237345" z="2.510722"/>
						<normal x="0.000000" y="-0.499966" z="0.866045"/>
						<texcoord u="0.434339" v="0.916495"/>
					</vertex>
					<vertex>
						<position x="1.282779" y="0.139802" z="2.435521"/>
						<normal x="0.000000" y="-0.708052" z="0.706160"/>
						<texcoord u="0.465364" v="0.916495"/>
					</vertex>
					<vertex>
						<position x="0.895821" y="0.139802" z="2.435521"/>
						<normal x="0.000000" y="-0.708052" z="0.706160"/>
						<texcoord u="0.465364" v="0.998538"/>
					</vertex>
					<vertex>
						<position x="0.895821" y="0.064601" z="2.337433"/>
						<normal x="0.000000" y="-0.865696" z="0.500569"/>
						<texcoord u="0.496388" v="0.998538"/>
					</vertex>
					<vertex>
						<position x="1.282779" y="0.064601" z="2.337433"/>
						<normal x="0.000000" y="-0.865696" z="0.500569"/>
						<texcoord u="0.496388" v="0.916495"/>
					</vertex>
					<vertex>
						<position x="1.282779" y="0.017192" z="2.223542"/>
						<normal x="0.000000" y="-0.965413" z="0.260725"/>
						<texcoord u="0.527412" v="0.916495"/>
					</vertex>
					<vertex>
						<position x="0.895821" y="0.017192" z="2.223542"/>
						<normal x="0.000000" y="-0.965413" z="0.260725"/>
						<texcoord u="0.527412" v="0.998538"/>
					</vertex>
					<vertex>
						<position x="0.895821" y="0.000844" z="2.101476"/>
						<normal x="-1.000000" y="0.000000" z="-0.000000"/>
						<texcoord u="0.086572" v="0.907611"/>
					</vertex>
					<vertex>
						<position x="0.895821" y="0.473302" z="2.101476"/>
						<normal x="-1.000000" y="0.000000" z="-0.000000"/>
						<texcoord u="0.086572" v="0.821452"/>
					</vertex>
					<vertex>
						<position x="0.895821" y="0.017192" z="1.979411"/>
						<normal x="-1.000000" y="0.000000" z="-0.000000"/>
						<texcoord u="0.108978" v="0.904676"/>
					</vertex>
					<vertex>
						<position x="1.324957" y="0.048253" z="2.101476"/>
						<normal x="0.917280" y="-0.398243" z="0.000031"/>
						<texcoord u="0.086572" v="0.898996"/>
					</vertex>
					<vertex>
						<position x="1.282779" y="0.000844" z="2.101476"/>
						<normal x="0.747121" y="-0.664688" z="-0.000000"/>
						<texcoord u="0.086572" v="0.907611"/>
					</vertex>
					<vertex>
						<position x="1.282779" y="0.017192" z="1.979411"/>
						<normal x="0.746313" y="-0.642609" z="-0.173409"/>
						<texcoord u="0.108978" v="0.904676"/>
					</vertex>
					<vertex>
						<position x="1.324957" y="0.062966" z="1.991399"/>
						<normal x="0.991985" y="-0.121679" z="-0.034059"/>
						<texcoord u="0.106738" v="0.896353"/>
					</vertex>
					<vertex>
						<position x="0.895821" y="0.064601" z="1.865520"/>
						<normal x="-1.000000" y="0.000000" z="-0.000000"/>
						<texcoord u="0.129858" v="0.896068"/>
					</vertex>
					<vertex>
						<position x="1.324957" y="0.105471" z="1.888952"/>
						<normal x="0.916574" y="-0.346084" z="-0.200295"/>
						<texcoord u="0.125529" v="0.888607"/>
					</vertex>
					<vertex>
						<position x="1.282779" y="0.064601" z="1.865520"/>
						<normal x="0.745038" y="-0.577426" z="-0.333912"/>
						<texcoord u="0.129858" v="0.896068"/>
					</vertex>
					<vertex>
						<position x="0.895821" y="0.139802" z="1.767432"/>
						<normal x="-1.000000" y="0.000000" z="-0.000000"/>
						<texcoord u="0.147788" v="0.882376"/>
					</vertex>
					<vertex>
						<position x="1.282779" y="0.139802" z="1.767432"/>
						<normal x="0.745164" y="-0.471923" z="-0.471190"/>
						<texcoord u="0.147788" v="0.882376"/>
					</vertex>
					<vertex>
						<position x="1.324957" y="0.173043" z="1.800673"/>
						<normal x="0.990704" y="-0.094853" z="-0.097508"/>
						<texcoord u="0.141666" v="0.876283"/>
					</vertex>
					<vertex>
						<position x="0.895821" y="0.237345" z="1.692230"/>
						<normal x="-1.000000" y="0.000000" z="-0.000000"/>
						<texcoord u="0.161545" v="0.864532"/>
					</vertex>
					<vertex>
						<position x="1.324957" y="0.261322" z="1.733100"/>
						<normal x="0.951193" y="-0.151833" z="-0.268661"/>
						<texcoord u="0.154048" v="0.860224"/>
					</vertex>
					<vertex>
						<position x="1.282779" y="0.237345" z="1.692230"/>
						<normal x="0.746953" y="-0.332383" z="-0.575833"/>
						<texcoord u="0.161545" v="0.864532"/>
					</vertex>
					<vertex>
						<position x="0.895821" y="0.351237" z="1.645366"/>
						<normal x="-1.000000" y="0.000000" z="-0.000000"/>
						<texcoord u="0.170194" v="0.843752"/>
					</vertex>
					<vertex>
						<position x="1.282779" y="0.351237" z="1.645366"/>
						<normal x="0.745224" y="-0.172282" z="-0.644174"/>
						<texcoord u="0.170194" v="0.843752"/>
					</vertex>
					<vertex>
						<position x="1.324957" y="0.363770" z="1.690596"/>
						<normal x="0.974748" y="-0.057528" z="-0.215770"/>
						<texcoord u="0.161832" v="0.841522"/>
					</vertex>
					<vertex>
						<position x="0.895821" y="0.473302" z="1.629018"/>
						<normal x="-1.000000" y="0.000000" z="-0.000000"/>
						<texcoord u="0.173144" v="0.821452"/>
					</vertex>
					<vertex>
						<position x="1.324957" y="0.473302" z="1.676427"/>
						<normal x="0.954262" y="0.002503" z="-0.298962"/>
						<texcoord u="0.164487" v="0.821452"/>
					</vertex>
					<vertex>
						<position x="1.282779" y="0.473302" z="1.629018"/>
						<normal x="0.747135" y="-0.000183" z="-0.664672"/>
						<texcoord u="0.173144" v="0.821452"/>
					</vertex>
					<vertex>
						<position x="0.895821" y="0.595912" z="1.645366"/>
						<normal x="-1.000000" y="0.000000" z="-0.000000"/>
						<texcoord u="0.170194" v="0.799152"/>
					</vertex>
					<vertex>
						<position x="1.282779" y="0.595912" z="1.645366"/>
						<normal x="0.745250" y="0.172068" z="-0.644201"/>
						<texcoord u="0.170194" v="0.799152"/>
					</vertex>
					<vertex>
						<position x="1.324957" y="0.583379" z="1.690596"/>
						<normal x="0.993732" y="0.027162" z="-0.108434"/>
						<texcoord u="0.161832" v="0.801382"/>
					</vertex>
					<vertex>
						<position x="0.895821" y="0.709803" z="1.692230"/>
						<normal x="-1.000000" y="0.000000" z="-0.000000"/>
						<texcoord u="0.161545" v="0.778372"/>
					</vertex>
					<vertex>
						<position x="1.324957" y="0.685826" z="1.733100"/>
						<normal x="0.918881" y="0.197553" z="-0.341513"/>
						<texcoord u="0.154048" v="0.782680"/>
					</vertex>
					<vertex>
						<position x="1.282779" y="0.709803" z="1.692230"/>
						<normal x="0.746953" y="0.332383" z="-0.575833"/>
						<texcoord u="0.161545" v="0.778372"/>
					</vertex>
					<vertex>
						<position x="0.895821" y="0.807347" z="1.767432"/>
						<normal x="-1.000000" y="0.000000" z="-0.000000"/>
						<texcoord u="0.147788" v="0.760528"/>
					</vertex>
					<vertex>
						<position x="1.282779" y="0.807347" z="1.767432"/>
						<normal x="0.745164" y="0.471923" z="-0.471190"/>
						<texcoord u="0.147788" v="0.760528"/>
					</vertex>
					<vertex>
						<position x="1.324957" y="0.774106" z="1.800673"/>
						<normal x="0.992658" y="0.088169" z="-0.082798"/>
						<texcoord u="0.141666" v="0.766620"/>
					</vertex>
					<vertex>
						<position x="0.895821" y="0.882548" z="1.865520"/>
						<normal x="-1.000000" y="0.000000" z="-0.000000"/>
						<texcoord u="0.129858" v="0.746835"/>
					</vertex>
					<vertex>
						<position x="1.324957" y="0.841678" z="1.888952"/>
						<normal x="0.951996" y="0.262255" z="-0.157878"/>
						<texcoord u="0.125529" v="0.754297"/>
					</vertex>
					<vertex>
						<position x="1.282779" y="0.882548" z="1.865520"/>
						<normal x="0.745038" y="0.577426" z="-0.333912"/>
						<texcoord u="0.129858" v="0.746835"/>
					</vertex>
					<vertex>
						<position x="0.895821" y="0.929957" z="1.979411"/>
						<normal x="-1.000000" y="0.000000" z="-0.000000"/>
						<texcoord u="0.108978" v="0.738228"/>
					</vertex>
					<vertex>
						<position x="1.282779" y="0.929957" z="1.979411"/>
						<normal x="0.746313" y="0.642609" z="-0.173409"/>
						<texcoord u="0.108978" v="0.738228"/>
					</vertex>
					<vertex>
						<position x="1.324957" y="0.884182" z="1.991399"/>
						<normal x="0.972363" y="0.225321" z="-0.061160"/>
						<texcoord u="0.106738" v="0.746550"/>
					</vertex>
					<vertex>
						<position x="0.895821" y="0.946305" z="2.101476"/>
						<normal x="-1.000000" y="0.000000" z="-0.000000"/>
						<texcoord u="0.086572" v="0.735292"/>
					</vertex>
					<vertex>
						<position x="1.324957" y="0.898896" z="2.101476"/>
						<normal x="0.951575" y="0.307416" z="-0.000549"/>
						<texcoord u="0.086572" v="0.743908"/>
					</vertex>
					<vertex>
						<position x="1.282779" y="0.946305" z="2.101476"/>
						<normal x="0.747135" y="0.664673" z="-0.000000"/>
						<texcoord u="0.086572" v="0.735292"/>
					</vertex>
					<vertex>
						<position x="0.895821" y="0.929957" z="2.223542"/>
						<normal x="-1.000000" y="0.000000" z="-0.000000"/>
						<texcoord u="0.064165" v="0.738228"/>
					</vertex>
					<vertex>
						<position x="1.282779" y="0.929957" z="2.223542"/>
						<normal x="0.746313" y="0.642609" z="0.173409"/>
						<texcoord u="0.064165" v="0.738228"/>
					</vertex>
					<vertex>
						<position x="1.324957" y="0.884182" z="2.211553"/>
						<normal x="0.990989" y="0.130958" z="0.028139"/>
						<texcoord u="0.066406" v="0.746550"/>
					</vertex>
					<vertex>
						<position x="0.895821" y="0.882548" z="2.337433"/>
						<normal x="-1.000000" y="0.000000" z="-0.000000"/>
						<texcoord u="0.043286" v="0.746835"/>
					</vertex>
					<vertex>
						<position x="1.324957" y="0.841678" z="2.314001"/>
						<normal x="0.915506" y="0.348617" z="0.200784"/>
						<texcoord u="0.047615" v="0.754297"/>
					</vertex>
					<vertex>
						<position x="1.282779" y="0.882548" z="2.337433"/>
						<normal x="0.745038" y="0.577426" z="0.333912"/>
						<texcoord u="0.043286" v="0.746835"/>
					</vertex>
					<vertex>
						<position x="0.895821" y="0.807347" z="2.435521"/>
						<normal x="-1.000000" y="0.000000" z="-0.000000"/>
						<texcoord u="0.025356" v="0.760528"/>
					</vertex>
					<vertex>
						<position x="1.282779" y="0.807347" z="2.435521"/>
						<normal x="0.745164" y="0.471923" z="0.471190"/>
						<texcoord u="0.025356" v="0.760528"/>
					</vertex>
					<vertex>
						<position x="1.324957" y="0.774106" z="2.402280"/>
						<normal x="0.991505" y="0.095372" z="0.088444"/>
						<texcoord u="0.031478" v="0.766620"/>
					</vertex>
					<vertex>
						<position x="0.895821" y="0.709803" z="2.510722"/>
						<normal x="-1.000000" y="0.000000" z="-0.000000"/>
						<texcoord u="0.011598" v="0.778372"/>
					</vertex>
					<vertex>
						<position x="1.324957" y="0.685826" z="2.469852"/>
						<normal x="0.916244" y="0.200480" z="0.346849"/>
						<texcoord u="0.019096" v="0.782680"/>
					</vertex>
					<vertex>
						<position x="1.282779" y="0.709803" z="2.510722"/>
						<normal x="0.746953" y="0.332383" z="0.575833"/>
						<texcoord u="0.011598" v="0.778372"/>
					</vertex>
					<vertex>
						<position x="0.895821" y="0.595912" z="2.557587"/>
						<normal x="-1.000000" y="0.000000" z="-0.000000"/>
						<texcoord u="0.002950" v="0.799152"/>
					</vertex>
					<vertex>
						<position x="1.282779" y="0.595912" z="2.557587"/>
						<normal x="0.745250" y="0.172068" z="0.644201"/>
						<texcoord u="0.002950" v="0.799152"/>
					</vertex>
					<vertex>
						<position x="1.324957" y="0.583379" z="2.512357"/>
						<normal x="0.991232" y="0.035433" z="0.127295"/>
						<texcoord u="0.011312" v="0.801382"/>
					</vertex>
					<vertex>
						<position x="0.895821" y="0.473302" z="2.573935"/>
						<normal x="-1.000000" y="0.000000" z="-0.000000"/>
						<texcoord u="0.000000" v="0.821452"/>
					</vertex>
					<vertex>
						<position x="1.324957" y="0.473302" z="2.526525"/>
						<normal x="0.913834" y="-0.000580" z="0.406087"/>
						<texcoord u="0.008657" v="0.821452"/>
					</vertex>
					<vertex>
						<position x="1.282779" y="0.473302" z="2.573935"/>
						<normal x="0.747135" y="-0.000183" z="0.664672"/>
						<texcoord u="0.000000" v="0.821452"/>
					</vertex>
					<vertex>
						<position x="0.895821" y="0.351237" z="2.557587"/>
						<normal x="-1.000000" y="0.000000" z="-0.000000"/>
						<texcoord u="0.002950" v="0.843752"/>
					</vertex>
					<vertex>
						<position x="1.282779" y="0.351237" z="2.557587"/>
						<normal x="0.745224" y="-0.172282" z="0.644174"/>
						<texcoord u="0.002950" v="0.843752"/>
					</vertex>
					<vertex>
						<position x="1.324957" y="0.363770" z="2.512357"/>
						<normal x="0.991154" y="-0.043887" z="0.125252"/>
						<texcoord u="0.011312" v="0.841522"/>
					</vertex>
					<vertex>
						<position x="0.895821" y="0.237345" z="2.510722"/>
						<normal x="-1.000000" y="0.000000" z="-0.000000"/>
						<texcoord u="0.011598" v="0.864532"/>
					</vertex>
					<vertex>
						<position x="1.324957" y="0.261322" z="2.469852"/>
						<normal x="0.951811" y="-0.149393" z="0.267839"/>
						<texcoord u="0.019096" v="0.860224"/>
					</vertex>
					<vertex>
						<position x="1.282779" y="0.237345" z="2.510722"/>
						<normal x="0.746953" y="-0.332383" z="0.575833"/>
						<texcoord u="0.011598" v="0.864532"/>
					</vertex>
					<vertex>
						<position x="0.895821" y="0.139802" z="2.435521"/>
						<normal x="-1.000000" y="0.000000" z="-0.000000"/>
						<texcoord u="0.025356" v="0.882376"/>
					</vertex>
					<vertex>
						<position x="1.282779" y="0.139802" z="2.435521"/>
						<normal x="0.745164" y="-0.471923" z="0.471190"/>
						<texcoord u="0.025356" v="0.882376"/>
					</vertex>
					<vertex>
						<position x="1.324957" y="0.173043" z="2.402280"/>
						<normal x="0.971025" y="-0.169045" z="0.168923"/>
						<texcoord u="0.031478" v="0.876283"/>
					</vertex>
					<vertex>
						<position x="0.895821" y="0.064601" z="2.337433"/>
						<normal x="-1.000000" y="0.000000" z="-0.000000"/>
						<texcoord u="0.043286" v="0.896068"/>
					</vertex>
					<vertex>
						<position x="1.324957" y="0.105471" z="2.314001"/>
						<normal x="0.950954" y="-0.270188" z="0.150613"/>
						<texcoord u="0.047615" v="0.888607"/>
					</vertex>
					<vertex>
						<position x="1.282779" y="0.064601" z="2.337433"/>
						<normal x="0.745038" y="-0.577426" z="0.333912"/>
						<texcoord u="0.043286" v="0.896068"/>
					</vertex>
					<vertex>
						<position x="0.895821" y="0.017192" z="2.223542"/>
						<normal x="-1.000000" y="0.000000" z="-0.000000"/>
						<texcoord u="0.064165" v="0.904676"/>
					</vertex>
					<vertex>
						<position x="1.282779" y="0.017192" z="2.223542"/>
						<normal x="0.746313" y="-0.642609" z="0.173409"/>
						<texcoord u="0.064165" v="0.904676"/>
					</vertex>
					<vertex>
						<position x="1.324957" y="0.062966" z="2.211553"/>
						<normal x="0.991828" y="-0.122624" z="0.035219"/>
						<texcoord u="0.066406" v="0.896353"/>
					</vertex>
					<vertex>
						<position x="1.297002" y="0.511447" z="2.412089"/>
						<normal x="0.934520" y="-0.298780" z="-0.193398"/>
						<texcoord u="0.029625" v="0.814486"/>
					</vertex>
					<vertex>
						<position x="1.297002" y="0.355051" z="2.403370"/>
						<normal x="0.742859" y="0.190468" z="-0.641781"/>
						<texcoord u="0.031222" v="0.843089"/>
					</vertex>
					<vertex>
						<position x="1.246977" y="0.496734" z="2.400100"/>
						<normal x="0.725507" y="-0.304858" z="-0.617010"/>
						<texcoord u="0.031849" v="0.817210"/>
					</vertex>
					<vertex>
						<position x="1.246977" y="0.364860" z="2.384842"/>
						<normal x="0.820435" y="0.247638" z="-0.515328"/>
						<texcoord u="0.034586" v="0.841273"/>
					</vertex>
					<vertex>
						<position x="1.246977" y="0.442241" z="2.282939"/>
						<normal x="0.728475" y="-0.541145" z="0.420104"/>
						<texcoord u="0.053290" v="0.827198"/>
					</vertex>
					<vertex>
						<position x="1.297002" y="0.448780" z="2.261687"/>
						<normal x="0.870400" y="-0.260418" z="0.417835"/>
						<texcoord u="0.057168" v="0.826007"/>
					</vertex>
					<vertex>
						<position x="1.246977" y="0.389927" z="2.262777"/>
						<normal x="0.747727" y="-0.032351" z="0.663218"/>
						<texcoord u="0.056940" v="0.836733"/>
					</vertex>
					<vertex>
						<position x="1.297002" y="0.400826" z="2.246429"/>
						<normal x="0.789328" y="0.106208" z="0.604715"/>
						<texcoord u="0.059962" v="0.834746"/>
					</vertex>
					<vertex>
						<position x="1.246977" y="0.275491" z="2.327624"/>
						<normal x="0.675971" y="0.632207" z="0.378653"/>
						<texcoord u="0.045079" v="0.857617"/>
					</vertex>
					<vertex>
						<position x="1.297002" y="0.254783" z="2.327079"/>
						<normal x="0.929599" y="0.313305" z="-0.194129"/>
						<texcoord u="0.045193" v="0.861363"/>
					</vertex>
					<vertex>
						<position x="1.297002" y="0.616075" z="2.388112"/>
						<normal x="0.963760" y="-0.021363" z="-0.265912"/>
						<texcoord u="0.034016" v="0.795417"/>
					</vertex>
					<vertex>
						<position x="1.297002" y="0.592098" z="2.218092"/>
						<normal x="0.802571" y="0.587988" z="0.100745"/>
						<texcoord u="0.065151" v="0.799787"/>
					</vertex>
					<vertex>
						<position x="1.246977" y="0.628608" z="2.365225"/>
						<normal x="0.716280" y="0.237743" z="-0.656066"/>
						<texcoord u="0.038236" v="0.793147"/>
					</vertex>
					<vertex>
						<position x="1.246977" y="0.606266" z="2.230626"/>
						<normal x="0.742609" y="0.627061" z="0.235216"/>
						<texcoord u="0.062870" v="0.797233"/>
					</vertex>
					<vertex>
						<position x="1.297002" y="0.613895" z="2.187576"/>
						<normal x="0.729537" y="0.385278" z="0.565098"/>
						<texcoord u="0.070739" v="0.795815"/>
					</vertex>
					<vertex>
						<position x="1.246977" y="0.631333" z="2.195750"/>
						<normal x="0.823349" y="0.300371" z="0.481533"/>
						<texcoord u="0.069257" v="0.792693"/>
					</vertex>
					<vertex>
						<position x="1.297002" y="0.783914" z="2.161419"/>
						<normal x="0.960704" y="-0.263836" z="0.086246"/>
						<texcoord u="0.075529" v="0.764828"/>
					</vertex>
					<vertex>
						<position x="1.246977" y="0.765387" z="2.170683"/>
						<normal x="0.701603" y="-0.550472" z="0.452476"/>
						<texcoord u="0.073819" v="0.768176"/>
					</vertex>
					<vertex>
						<position x="1.297002" y="0.727241" z="2.296563"/>
						<normal x="0.711407" y="-0.570286" z="-0.410700"/>
						<texcoord u="0.050781" v="0.775157"/>
					</vertex>
					<vertex>
						<position x="1.246977" y="0.715798" z="2.290568"/>
						<normal x="0.879173" y="-0.385613" z="-0.279924"/>
						<texcoord u="0.051922" v="0.777256"/>
					</vertex>
					<vertex>
						<position x="1.297002" y="0.622614" z="2.020281"/>
						<normal x="0.861851" y="0.210030" z="-0.461627"/>
						<texcoord u="0.101475" v="0.794225"/>
					</vertex>
					<vertex>
						<position x="1.297002" y="0.592098" z="1.985405"/>
						<normal x="0.743935" y="0.630343" z="-0.221874"/>
						<texcoord u="0.107862" v="0.799787"/>
					</vertex>
					<vertex>
						<position x="1.246977" y="0.641142" z="2.009382"/>
						<normal x="0.747801" y="0.370009" z="-0.551260"/>
						<texcoord u="0.103471" v="0.790877"/>
					</vertex>
					<vertex>
						<position x="1.246977" y="0.603541" z="1.969602"/>
						<normal x="0.826563" y="0.538427" z="-0.163982"/>
						<texcoord u="0.110770" v="0.797687"/>
					</vertex>
					<vertex>
						<position x="1.297002" y="0.616075" z="1.804487"/>
						<normal x="0.961352" y="-0.028444" z="0.273848"/>
						<texcoord u="0.140993" v="0.795417"/>
					</vertex>
					<vertex>
						<position x="1.246977" y="0.623704" z="1.827374"/>
						<normal x="0.719883" y="0.250836" z="0.647186"/>
						<texcoord u="0.136773" v="0.794055"/>
					</vertex>
					<vertex>
						<position x="1.297002" y="0.733781" z="1.906935"/>
						<normal x="0.641032" y="-0.622782" z="0.448576"/>
						<texcoord u="0.122232" v="0.773965"/>
					</vertex>
					<vertex>
						<position x="1.246977" y="0.723427" z="1.917288"/>
						<normal x="0.882975" y="-0.378069" z="0.278242"/>
						<texcoord u="0.120350" v="0.775894"/>
					</vertex>
					<vertex>
						<position x="1.297002" y="0.786094" z="2.039899"/>
						<normal x="0.945787" y="-0.317643" z="-0.067752"/>
						<texcoord u="0.097883" v="0.764431"/>
					</vertex>
					<vertex>
						<position x="1.246977" y="0.773016" z="2.024641"/>
						<normal x="0.699597" y="-0.576237" z="-0.422511"/>
						<texcoord u="0.100734" v="0.766814"/>
					</vertex>
					<vertex>
						<position x="1.297002" y="0.407365" z="1.948349"/>
						<normal x="0.873325" y="-0.014344" z="-0.486927"/>
						<texcoord u="0.114648" v="0.833555"/>
					</vertex>
					<vertex>
						<position x="1.246977" y="0.402461" z="1.932002"/>
						<normal x="0.672764" y="0.044741" z="-0.738503"/>
						<texcoord u="0.117613" v="0.834463"/>
					</vertex>
					<vertex>
						<position x="1.297002" y="0.450960" z="1.930912"/>
						<normal x="0.860889" y="-0.284470" z="-0.421838"/>
						<texcoord u="0.117841" v="0.825609"/>
					</vertex>
					<vertex>
						<position x="1.246977" y="0.444965" z="1.912384"/>
						<normal x="0.726993" y="-0.547114" z="-0.414906"/>
						<texcoord u="0.121262" v="0.826744"/>
					</vertex>
					<vertex>
						<position x="1.297002" y="0.520166" z="1.776150"/>
						<normal x="0.911136" y="-0.359938" z="0.200691"/>
						<texcoord u="0.146182" v="0.812897"/>
					</vertex>
					<vertex>
						<position x="1.246977" y="0.501638" z="1.785414"/>
						<normal x="0.727789" y="-0.277114" z="0.627320"/>
						<texcoord u="0.144528" v="0.816302"/>
					</vertex>
					<vertex>
						<position x="1.297002" y="0.267862" z="1.869879"/>
						<normal x="0.942035" y="0.329729" z="-0.062045"/>
						<texcoord u="0.129018" v="0.858980"/>
					</vertex>
					<vertex>
						<position x="1.246977" y="0.290204" z="1.869879"/>
						<normal x="0.724191" y="0.624851" z="0.291733"/>
						<texcoord u="0.129018" v="0.854893"/>
					</vertex>
					<vertex>
						<position x="1.297002" y="0.387747" z="1.784869"/>
						<normal x="0.721381" y="0.231121" z="0.652835"/>
						<texcoord u="0.144585" v="0.837130"/>
					</vertex>
					<vertex>
						<position x="1.246977" y="0.392652" z="1.802852"/>
						<normal x="0.894613" y="0.161386" z="0.416680"/>
						<texcoord u="0.141335" v="0.836279"/>
					</vertex>
					<vertex>
						<position x="1.246977" y="0.170863" z="2.099297"/>
						<normal x="0.894176" y="0.447683" z="-0.005371"/>
						<texcoord u="0.087048" v="0.876686"/>
					</vertex>
					<vertex>
						<position x="1.297002" y="0.152336" z="2.098752"/>
						<normal x="0.733864" y="0.679296" z="0.000061"/>
						<texcoord u="0.087105" v="0.880035"/>
					</vertex>
					<vertex>
						<position x="1.246977" y="0.193205" z="1.979411"/>
						<normal x="0.737577" y="0.194649" z="0.646601"/>
						<texcoord u="0.108945" v="0.872600"/>
					</vertex>
					<vertex>
						<position x="1.297002" y="0.187211" z="1.954889"/>
						<normal x="0.947477" y="0.201307" z="0.248520"/>
						<texcoord u="0.113450" v="0.873678"/>
					</vertex>
					<vertex>
						<position x="1.297002" y="0.309276" z="2.070415"/>
						<normal x="0.861161" y="-0.451593" z="0.233380"/>
						<texcoord u="0.092294" v="0.851432"/>
					</vertex>
					<vertex>
						<position x="1.246977" y="0.290204" z="2.069325"/>
						<normal x="0.737983" y="-0.646548" z="0.193278"/>
						<texcoord u="0.092522" v="0.854893"/>
					</vertex>
					<vertex>
						<position x="1.297002" y="0.309276" z="2.122184"/>
						<normal x="0.795367" y="-0.568088" z="-0.211347"/>
						<texcoord u="0.082714" v="0.851432"/>
					</vertex>
					<vertex>
						<position x="1.246977" y="0.292929" z="2.123274"/>
						<normal x="0.820089" y="-0.531497" z="-0.212049"/>
						<texcoord u="0.082486" v="0.854439"/>
					</vertex>
					<vertex>
						<position x="1.297002" y="0.182852" z="2.233350"/>
						<normal x="0.938016" y="0.207227" z="-0.277819"/>
						<texcoord u="0.062357" v="0.874473"/>
					</vertex>
					<vertex>
						<position x="1.246977" y="0.195930" z="2.218092"/>
						<normal x="0.704994" y="0.186655" z="-0.684210"/>
						<texcoord u="0.065151" v="0.872146"/>
					</vertex>
					<vertex>
						<position x="1.321033" y="0.471122" z="2.097662"/>
						<normal x="0.999998" y="-0.001862" z="-0.000641"/>
						<texcoord u="0.087310" v="0.821977"/>
					</vertex>
				</vertexbuffer>
			</geometry>
		</submesh>
	</submeshes>
</mesh>
