<mesh>
	<submeshes>
		<submesh material="SOLID/TEX/Rocket.tga" usesharedvertices="false">
			<faces count="268">
				<face v1="0" v2="1" v3="2"/>
				<face v1="3" v2="4" v3="0"/>
				<face v1="5" v2="6" v3="0"/>
				<face v1="0" v2="7" v3="8"/>
				<face v1="9" v2="10" v3="12"/>
				<face v1="10" v2="11" v3="12"/>
				<face v1="13" v2="14" v3="16"/>
				<face v1="14" v2="15" v3="16"/>
				<face v1="17" v2="18" v3="20"/>
				<face v1="18" v2="19" v3="20"/>
				<face v1="21" v2="22" v3="24"/>
				<face v1="22" v2="23" v3="24"/>
				<face v1="12" v2="11" v3="25"/>
				<face v1="12" v2="25" v3="26"/>
				<face v1="27" v2="13" v3="16"/>
				<face v1="27" v2="16" v3="28"/>
				<face v1="29" v2="17" v3="20"/>
				<face v1="29" v2="20" v3="30"/>
				<face v1="24" v2="23" v3="31"/>
				<face v1="24" v2="31" v3="32"/>
				<face v1="26" v2="25" v3="34"/>
				<face v1="25" v2="33" v3="34"/>
				<face v1="35" v2="27" v3="36"/>
				<face v1="27" v2="28" v3="36"/>
				<face v1="37" v2="29" v3="38"/>
				<face v1="29" v2="30" v3="38"/>
				<face v1="32" v2="31" v3="40"/>
				<face v1="31" v2="39" v3="40"/>
				<face v1="34" v2="33" v3="41"/>
				<face v1="34" v2="41" v3="42"/>
				<face v1="43" v2="35" v3="36"/>
				<face v1="43" v2="36" v3="44"/>
				<face v1="45" v2="37" v3="38"/>
				<face v1="45" v2="38" v3="46"/>
				<face v1="40" v2="39" v3="47"/>
				<face v1="40" v2="47" v3="48"/>
				<face v1="42" v2="41" v3="49"/>
				<face v1="42" v2="49" v3="50"/>
				<face v1="51" v2="43" v3="44"/>
				<face v1="51" v2="44" v3="52"/>
				<face v1="53" v2="45" v3="46"/>
				<face v1="53" v2="46" v3="54"/>
				<face v1="48" v2="47" v3="55"/>
				<face v1="48" v2="55" v3="56"/>
				<face v1="50" v2="49" v3="57"/>
				<face v1="50" v2="57" v3="58"/>
				<face v1="59" v2="51" v3="52"/>
				<face v1="59" v2="52" v3="60"/>
				<face v1="61" v2="53" v3="54"/>
				<face v1="61" v2="54" v3="62"/>
				<face v1="56" v2="55" v3="63"/>
				<face v1="56" v2="63" v3="64"/>
				<face v1="10" v2="65" v3="67"/>
				<face v1="65" v2="66" v3="67"/>
				<face v1="66" v2="65" v3="68"/>
				<face v1="65" v2="14" v3="68"/>
				<face v1="69" v2="70" v3="71"/>
				<face v1="70" v2="18" v3="71"/>
				<face v1="22" v2="70" v3="72"/>
				<face v1="70" v2="69" v3="72"/>
				<face v1="11" v2="10" v3="67"/>
				<face v1="11" v2="67" v3="73"/>
				<face v1="68" v2="14" v3="13"/>
				<face v1="68" v2="13" v3="74"/>
				<face v1="71" v2="18" v3="17"/>
				<face v1="71" v2="17" v3="75"/>
				<face v1="23" v2="22" v3="72"/>
				<face v1="23" v2="72" v3="76"/>
				<face v1="25" v2="11" v3="77"/>
				<face v1="11" v2="73" v3="77"/>
				<face v1="74" v2="13" v3="78"/>
				<face v1="13" v2="27" v3="78"/>
				<face v1="75" v2="17" v3="79"/>
				<face v1="17" v2="29" v3="79"/>
				<face v1="31" v2="23" v3="80"/>
				<face v1="23" v2="76" v3="80"/>
				<face v1="33" v2="25" v3="77"/>
				<face v1="33" v2="77" v3="81"/>
				<face v1="78" v2="27" v3="35"/>
				<face v1="78" v2="35" v3="82"/>
				<face v1="79" v2="29" v3="37"/>
				<face v1="79" v2="37" v3="83"/>
				<face v1="39" v2="31" v3="80"/>
				<face v1="39" v2="80" v3="84"/>
				<face v1="41" v2="33" v3="85"/>
				<face v1="33" v2="81" v3="85"/>
				<face v1="82" v2="35" v3="86"/>
				<face v1="35" v2="43" v3="86"/>
				<face v1="83" v2="37" v3="87"/>
				<face v1="37" v2="45" v3="87"/>
				<face v1="47" v2="39" v3="88"/>
				<face v1="39" v2="84" v3="88"/>
				<face v1="49" v2="41" v3="89"/>
				<face v1="41" v2="85" v3="89"/>
				<face v1="86" v2="43" v3="90"/>
				<face v1="43" v2="51" v3="90"/>
				<face v1="87" v2="45" v3="91"/>
				<face v1="45" v2="53" v3="91"/>
				<face v1="55" v2="47" v3="92"/>
				<face v1="47" v2="88" v3="92"/>
				<face v1="57" v2="49" v3="93"/>
				<face v1="49" v2="89" v3="93"/>
				<face v1="90" v2="51" v3="94"/>
				<face v1="51" v2="59" v3="94"/>
				<face v1="91" v2="53" v3="95"/>
				<face v1="53" v2="61" v3="95"/>
				<face v1="63" v2="55" v3="96"/>
				<face v1="55" v2="92" v3="96"/>
				<face v1="97" v2="57" v3="98"/>
				<face v1="57" v2="93" v3="98"/>
				<face v1="94" v2="59" v3="100"/>
				<face v1="59" v2="99" v3="100"/>
				<face v1="95" v2="61" v3="98"/>
				<face v1="61" v2="97" v3="98"/>
				<face v1="99" v2="63" v3="100"/>
				<face v1="63" v2="96" v3="100"/>
				<face v1="67" v2="66" v3="102"/>
				<face v1="66" v2="101" v3="102"/>
				<face v1="101" v2="66" v3="103"/>
				<face v1="66" v2="68" v3="103"/>
				<face v1="104" v2="69" v3="105"/>
				<face v1="69" v2="71" v3="105"/>
				<face v1="72" v2="69" v3="106"/>
				<face v1="69" v2="104" v3="106"/>
				<face v1="73" v2="67" v3="102"/>
				<face v1="73" v2="102" v3="107"/>
				<face v1="103" v2="68" v3="74"/>
				<face v1="103" v2="74" v3="108"/>
				<face v1="105" v2="71" v3="75"/>
				<face v1="105" v2="75" v3="109"/>
				<face v1="76" v2="72" v3="106"/>
				<face v1="76" v2="106" v3="110"/>
				<face v1="77" v2="73" v3="111"/>
				<face v1="73" v2="107" v3="111"/>
				<face v1="108" v2="74" v3="112"/>
				<face v1="74" v2="78" v3="112"/>
				<face v1="109" v2="75" v3="113"/>
				<face v1="75" v2="79" v3="113"/>
				<face v1="80" v2="76" v3="114"/>
				<face v1="76" v2="110" v3="114"/>
				<face v1="81" v2="77" v3="111"/>
				<face v1="81" v2="111" v3="115"/>
				<face v1="112" v2="78" v3="82"/>
				<face v1="112" v2="82" v3="116"/>
				<face v1="113" v2="79" v3="83"/>
				<face v1="113" v2="83" v3="117"/>
				<face v1="84" v2="80" v3="114"/>
				<face v1="84" v2="114" v3="118"/>
				<face v1="85" v2="81" v3="119"/>
				<face v1="81" v2="115" v3="119"/>
				<face v1="116" v2="82" v3="120"/>
				<face v1="82" v2="86" v3="120"/>
				<face v1="117" v2="83" v3="121"/>
				<face v1="83" v2="87" v3="121"/>
				<face v1="88" v2="84" v3="122"/>
				<face v1="84" v2="118" v3="122"/>
				<face v1="89" v2="85" v3="123"/>
				<face v1="85" v2="119" v3="123"/>
				<face v1="120" v2="86" v3="124"/>
				<face v1="86" v2="90" v3="124"/>
				<face v1="121" v2="87" v3="125"/>
				<face v1="87" v2="91" v3="125"/>
				<face v1="92" v2="88" v3="126"/>
				<face v1="88" v2="122" v3="126"/>
				<face v1="93" v2="89" v3="127"/>
				<face v1="89" v2="123" v3="127"/>
				<face v1="124" v2="90" v3="128"/>
				<face v1="90" v2="94" v3="128"/>
				<face v1="125" v2="91" v3="129"/>
				<face v1="91" v2="95" v3="129"/>
				<face v1="96" v2="92" v3="130"/>
				<face v1="92" v2="126" v3="130"/>
				<face v1="98" v2="93" v3="127"/>
				<face v1="98" v2="127" v3="131"/>
				<face v1="128" v2="94" v3="100"/>
				<face v1="128" v2="100" v3="132"/>
				<face v1="129" v2="95" v3="98"/>
				<face v1="129" v2="98" v3="131"/>
				<face v1="100" v2="96" v3="130"/>
				<face v1="100" v2="130" v3="132"/>
				<face v1="133" v2="134" v3="135"/>
				<face v1="136" v2="137" v3="138"/>
				<face v1="139" v2="140" v3="58"/>
				<face v1="60" v2="141" v3="142"/>
				<face v1="62" v2="140" v3="139"/>
				<face v1="142" v2="141" v3="64"/>
				<face v1="143" v2="144" v3="9"/>
				<face v1="144" v2="143" v3="15"/>
				<face v1="19" v2="145" v3="146"/>
				<face v1="146" v2="145" v3="21"/>
				<face v1="143" v2="147" v3="144"/>
				<face v1="145" v2="148" v3="146"/>
				<face v1="149" v2="150" v3="1"/>
				<face v1="149" v2="1" v3="0"/>
				<face v1="149" v2="0" v3="4"/>
				<face v1="149" v2="4" v3="151"/>
				<face v1="152" v2="0" v3="6"/>
				<face v1="152" v2="6" v3="153"/>
				<face v1="152" v2="154" v3="7"/>
				<face v1="152" v2="7" v3="0"/>
				<face v1="2" v2="155" v3="156"/>
				<face v1="2" v2="156" v3="0"/>
				<face v1="3" v2="0" v3="157"/>
				<face v1="3" v2="157" v3="158"/>
				<face v1="5" v2="0" v3="159"/>
				<face v1="5" v2="159" v3="160"/>
				<face v1="8" v2="161" v3="162"/>
				<face v1="8" v2="162" v3="0"/>
				<face v1="156" v2="163" v3="164"/>
				<face v1="156" v2="164" v3="0"/>
				<face v1="157" v2="0" v3="165"/>
				<face v1="157" v2="165" v3="166"/>
				<face v1="159" v2="0" v3="167"/>
				<face v1="159" v2="167" v3="168"/>
				<face v1="162" v2="169" v3="170"/>
				<face v1="162" v2="170" v3="0"/>
				<face v1="164" v2="171" v3="167"/>
				<face v1="164" v2="167" v3="0"/>
				<face v1="165" v2="0" v3="170"/>
				<face v1="165" v2="170" v3="172"/>
				<face v1="123" v2="173" v3="131"/>
				<face v1="123" v2="131" v3="127"/>
				<face v1="124" v2="128" v3="132"/>
				<face v1="124" v2="132" v3="173"/>
				<face v1="125" v2="129" v3="131"/>
				<face v1="125" v2="131" v3="173"/>
				<face v1="126" v2="173" v3="132"/>
				<face v1="126" v2="132" v3="130"/>
				<face v1="115" v2="173" v3="123"/>
				<face v1="115" v2="123" v3="119"/>
				<face v1="116" v2="120" v3="124"/>
				<face v1="116" v2="124" v3="173"/>
				<face v1="117" v2="121" v3="125"/>
				<face v1="117" v2="125" v3="173"/>
				<face v1="118" v2="173" v3="126"/>
				<face v1="118" v2="126" v3="122"/>
				<face v1="107" v2="173" v3="115"/>
				<face v1="107" v2="115" v3="111"/>
				<face v1="108" v2="112" v3="116"/>
				<face v1="108" v2="116" v3="173"/>
				<face v1="109" v2="113" v3="117"/>
				<face v1="109" v2="117" v3="173"/>
				<face v1="110" v2="173" v3="118"/>
				<face v1="110" v2="118" v3="114"/>
				<face v1="101" v2="173" v3="107"/>
				<face v1="101" v2="107" v3="102"/>
				<face v1="101" v2="103" v3="108"/>
				<face v1="101" v2="108" v3="173"/>
				<face v1="104" v2="105" v3="109"/>
				<face v1="104" v2="109" v3="173"/>
				<face v1="104" v2="173" v3="110"/>
				<face v1="104" v2="110" v3="106"/>
				<face v1="58" v2="57" v3="139"/>
				<face v1="57" v2="97" v3="139"/>
				<face v1="60" v2="142" v3="59"/>
				<face v1="142" v2="99" v3="59"/>
				<face v1="62" v2="139" v3="61"/>
				<face v1="139" v2="97" v3="61"/>
				<face v1="64" v2="63" v3="142"/>
				<face v1="63" v2="99" v3="142"/>
				<face v1="9" v2="144" v3="10"/>
				<face v1="144" v2="65" v3="10"/>
				<face v1="15" v2="14" v3="144"/>
				<face v1="14" v2="65" v3="144"/>
				<face v1="19" v2="18" v3="145"/>
				<face v1="18" v2="70" v3="145"/>
				<face v1="21" v2="145" v3="22"/>
				<face v1="145" v2="70" v3="22"/>
			</faces>
			<geometry vertexcount="174">
				<vertexbuffer positions="true" normals="true" texture_coords="1">
					<vertex>
						<position x="-0.000000" y="-0.000000" z="1.067464"/>
						<normal x="0.000000" y="0.000000" z="1.000000"/>
						<texcoord u="0.684402" v="0.816643"/>
					</vertex>
					<vertex>
						<position x="-0.073593" y="0.177669" z="1.067464"/>
						<normal x="0.000000" y="0.000000" z="1.000000"/>
						<texcoord u="0.976347" v="0.780352"/>
					</vertex>
					<vertex>
						<position x="-0.106840" y="0.159898" z="1.067464"/>
						<normal x="0.000000" y="0.000000" z="1.000000"/>
						<texcoord u="0.947350" v="0.763807"/>
					</vertex>
					<vertex>
						<position x="0.106840" y="0.159898" z="1.067464"/>
						<normal x="0.000000" y="0.000000" z="1.000000"/>
						<texcoord u="0.947350" v="0.763807"/>
					</vertex>
					<vertex>
						<position x="0.073593" y="0.177669" z="1.067464"/>
						<normal x="0.000000" y="0.000000" z="1.000000"/>
						<texcoord u="0.976347" v="0.780352"/>
					</vertex>
					<vertex>
						<position x="-0.106840" y="-0.159898" z="1.067464"/>
						<normal x="-0.000000" y="0.000000" z="1.000000"/>
						<texcoord u="0.947350" v="0.763807"/>
					</vertex>
					<vertex>
						<position x="-0.073593" y="-0.177669" z="1.067464"/>
						<normal x="-0.000000" y="0.000000" z="1.000000"/>
						<texcoord u="0.976347" v="0.780352"/>
					</vertex>
					<vertex>
						<position x="0.073593" y="-0.177669" z="1.067464"/>
						<normal x="0.000000" y="0.000000" z="1.000000"/>
						<texcoord u="0.976347" v="0.780352"/>
					</vertex>
					<vertex>
						<position x="0.106840" y="-0.159898" z="1.067464"/>
						<normal x="0.000000" y="0.000000" z="1.000000"/>
						<texcoord u="0.947350" v="0.763807"/>
					</vertex>
					<vertex>
						<position x="-0.037517" y="0.188613" z="1.067464"/>
						<normal x="-0.154367" y="0.935632" z="0.317432"/>
						<texcoord u="0.291676" v="0.003567"/>
					</vertex>
					<vertex>
						<position x="-0.037517" y="0.188613" z="-0.470997"/>
						<normal x="-0.193550" y="0.973184" z="-0.124303"/>
						<texcoord u="0.286879" v="0.767172"/>
					</vertex>
					<vertex>
						<position x="-0.073593" y="0.177669" z="-0.470997"/>
						<normal x="-0.379722" y="0.916711" z="-0.124305"/>
						<texcoord u="0.344039" v="0.766893"/>
					</vertex>
					<vertex>
						<position x="-0.073593" y="0.177669" z="1.067464"/>
						<normal x="-0.269942" y="0.651707" z="0.708808"/>
						<texcoord u="0.348837" v="0.003288"/>
					</vertex>
					<vertex>
						<position x="0.073593" y="0.177669" z="-0.470997"/>
						<normal x="0.379722" y="0.916711" z="-0.124305"/>
						<texcoord u="0.344039" v="0.766893"/>
					</vertex>
					<vertex>
						<position x="0.037517" y="0.188613" z="-0.470997"/>
						<normal x="0.193550" y="0.973184" z="-0.124303"/>
						<texcoord u="0.286879" v="0.767172"/>
					</vertex>
					<vertex>
						<position x="0.037517" y="0.188613" z="1.067464"/>
						<normal x="0.154367" y="0.935632" z="0.317432"/>
						<texcoord u="0.291676" v="0.003567"/>
					</vertex>
					<vertex>
						<position x="0.073593" y="0.177669" z="1.067464"/>
						<normal x="0.269942" y="0.651707" z="0.708808"/>
						<texcoord u="0.348837" v="0.003288"/>
					</vertex>
					<vertex>
						<position x="-0.073593" y="-0.177669" z="-0.470997"/>
						<normal x="-0.379722" y="-0.916711" z="-0.124305"/>
						<texcoord u="0.344039" v="0.766893"/>
					</vertex>
					<vertex>
						<position x="-0.037517" y="-0.188613" z="-0.470997"/>
						<normal x="-0.193550" y="-0.973184" z="-0.124303"/>
						<texcoord u="0.286879" v="0.767172"/>
					</vertex>
					<vertex>
						<position x="-0.037517" y="-0.188613" z="1.067464"/>
						<normal x="-0.154367" y="-0.935632" z="0.317432"/>
						<texcoord u="0.291676" v="0.003567"/>
					</vertex>
					<vertex>
						<position x="-0.073593" y="-0.177669" z="1.067464"/>
						<normal x="-0.269942" y="-0.651707" z="0.708808"/>
						<texcoord u="0.348837" v="0.003288"/>
					</vertex>
					<vertex>
						<position x="0.037517" y="-0.188613" z="1.067464"/>
						<normal x="0.154367" y="-0.935632" z="0.317432"/>
						<texcoord u="0.291676" v="0.003567"/>
					</vertex>
					<vertex>
						<position x="0.037517" y="-0.188613" z="-0.470997"/>
						<normal x="0.193550" y="-0.973184" z="-0.124303"/>
						<texcoord u="0.286879" v="0.767172"/>
					</vertex>
					<vertex>
						<position x="0.073592" y="-0.177669" z="-0.470997"/>
						<normal x="0.379722" y="-0.916711" z="-0.124305"/>
						<texcoord u="0.344039" v="0.766893"/>
					</vertex>
					<vertex>
						<position x="0.073593" y="-0.177669" z="1.067464"/>
						<normal x="0.269942" y="-0.651707" z="0.708808"/>
						<texcoord u="0.348837" v="0.003288"/>
					</vertex>
					<vertex>
						<position x="-0.106840" y="0.159898" z="-0.470997"/>
						<normal x="-0.551264" y="0.825019" z="-0.124304"/>
						<texcoord u="0.404720" v="0.766769"/>
					</vertex>
					<vertex>
						<position x="-0.106840" y="0.159898" z="1.067464"/>
						<normal x="-0.391898" y="0.586519" z="0.708810"/>
						<texcoord u="0.409517" v="0.003165"/>
					</vertex>
					<vertex>
						<position x="0.106840" y="0.159898" z="-0.470997"/>
						<normal x="0.551264" y="0.825019" z="-0.124304"/>
						<texcoord u="0.404720" v="0.766769"/>
					</vertex>
					<vertex>
						<position x="0.106840" y="0.159898" z="1.067464"/>
						<normal x="0.391898" y="0.586519" z="0.708810"/>
						<texcoord u="0.409517" v="0.003165"/>
					</vertex>
					<vertex>
						<position x="-0.106840" y="-0.159898" z="-0.470997"/>
						<normal x="-0.551264" y="-0.825019" z="-0.124304"/>
						<texcoord u="0.404720" v="0.766769"/>
					</vertex>
					<vertex>
						<position x="-0.106840" y="-0.159898" z="1.067464"/>
						<normal x="-0.391898" y="-0.586519" z="0.708810"/>
						<texcoord u="0.409517" v="0.003165"/>
					</vertex>
					<vertex>
						<position x="0.106840" y="-0.159898" z="-0.470997"/>
						<normal x="0.551264" y="-0.825019" z="-0.124304"/>
						<texcoord u="0.404720" v="0.766769"/>
					</vertex>
					<vertex>
						<position x="0.106840" y="-0.159898" z="1.067464"/>
						<normal x="0.391898" y="-0.586519" z="0.708810"/>
						<texcoord u="0.409517" v="0.003165"/>
					</vertex>
					<vertex>
						<position x="-0.135982" y="0.135983" z="-0.470997"/>
						<normal x="-0.701607" y="0.701638" z="-0.124305"/>
						<texcoord u="0.466588" v="0.766805"/>
					</vertex>
					<vertex>
						<position x="-0.135982" y="0.135982" z="1.067464"/>
						<normal x="-0.631843" y="0.631843" z="0.448941"/>
						<texcoord u="0.471385" v="0.003200"/>
					</vertex>
					<vertex>
						<position x="0.135982" y="0.135983" z="-0.470997"/>
						<normal x="0.701607" y="0.701638" z="-0.124305"/>
						<texcoord u="0.466588" v="0.766805"/>
					</vertex>
					<vertex>
						<position x="0.135982" y="0.135982" z="1.067464"/>
						<normal x="0.631843" y="0.631843" z="0.448941"/>
						<texcoord u="0.471385" v="0.003200"/>
					</vertex>
					<vertex>
						<position x="-0.135982" y="-0.135982" z="-0.470997"/>
						<normal x="-0.701607" y="-0.701638" z="-0.124305"/>
						<texcoord u="0.466588" v="0.766805"/>
					</vertex>
					<vertex>
						<position x="-0.135982" y="-0.135982" z="1.067464"/>
						<normal x="-0.631843" y="-0.631843" z="0.448941"/>
						<texcoord u="0.471385" v="0.003200"/>
					</vertex>
					<vertex>
						<position x="0.135982" y="-0.135982" z="-0.470997"/>
						<normal x="0.701607" y="-0.701638" z="-0.124305"/>
						<texcoord u="0.466588" v="0.766805"/>
					</vertex>
					<vertex>
						<position x="0.135982" y="-0.135982" z="1.067464"/>
						<normal x="0.631843" y="-0.631843" z="0.448941"/>
						<texcoord u="0.471385" v="0.003200"/>
					</vertex>
					<vertex>
						<position x="-0.159898" y="0.106841" z="-0.470997"/>
						<normal x="-0.825019" y="0.551264" z="-0.124304"/>
						<texcoord u="0.527266" v="0.766998"/>
					</vertex>
					<vertex>
						<position x="-0.159898" y="0.106840" z="1.067464"/>
						<normal x="-0.586519" y="0.391898" z="0.708810"/>
						<texcoord u="0.532064" v="0.003394"/>
					</vertex>
					<vertex>
						<position x="0.159898" y="0.106841" z="-0.470997"/>
						<normal x="0.825019" y="0.551264" z="-0.124304"/>
						<texcoord u="0.527266" v="0.766998"/>
					</vertex>
					<vertex>
						<position x="0.159898" y="0.106840" z="1.067464"/>
						<normal x="0.586519" y="0.391898" z="0.708810"/>
						<texcoord u="0.532064" v="0.003394"/>
					</vertex>
					<vertex>
						<position x="-0.159898" y="-0.106841" z="-0.470997"/>
						<normal x="-0.825019" y="-0.551264" z="-0.124304"/>
						<texcoord u="0.527266" v="0.766998"/>
					</vertex>
					<vertex>
						<position x="-0.159898" y="-0.106840" z="1.067464"/>
						<normal x="-0.586519" y="-0.391898" z="0.708810"/>
						<texcoord u="0.532064" v="0.003394"/>
					</vertex>
					<vertex>
						<position x="0.159898" y="-0.106841" z="-0.470997"/>
						<normal x="0.825019" y="-0.551264" z="-0.124304"/>
						<texcoord u="0.527266" v="0.766998"/>
					</vertex>
					<vertex>
						<position x="0.159898" y="-0.106840" z="1.067464"/>
						<normal x="0.586519" y="-0.391898" z="0.708810"/>
						<texcoord u="0.532064" v="0.003394"/>
					</vertex>
					<vertex>
						<position x="-0.177669" y="0.073594" z="-0.470997"/>
						<normal x="-0.916711" y="0.379722" z="-0.124305"/>
						<texcoord u="0.584422" v="0.767343"/>
					</vertex>
					<vertex>
						<position x="-0.177669" y="0.073593" z="1.067464"/>
						<normal x="-0.825549" y="0.341939" z="0.448940"/>
						<texcoord u="0.589220" v="0.003738"/>
					</vertex>
					<vertex>
						<position x="0.177669" y="0.073594" z="-0.470997"/>
						<normal x="0.916711" y="0.379722" z="-0.124305"/>
						<texcoord u="0.584422" v="0.767343"/>
					</vertex>
					<vertex>
						<position x="0.177669" y="0.073593" z="1.067464"/>
						<normal x="0.825549" y="0.341939" z="0.448940"/>
						<texcoord u="0.589220" v="0.003738"/>
					</vertex>
					<vertex>
						<position x="-0.177669" y="-0.073593" z="-0.470997"/>
						<normal x="-0.916711" y="-0.379722" z="-0.124305"/>
						<texcoord u="0.584422" v="0.767343"/>
					</vertex>
					<vertex>
						<position x="-0.177669" y="-0.073593" z="1.067464"/>
						<normal x="-0.825549" y="-0.341939" z="0.448940"/>
						<texcoord u="0.589220" v="0.003738"/>
					</vertex>
					<vertex>
						<position x="0.177669" y="-0.073594" z="-0.470997"/>
						<normal x="0.916711" y="-0.379722" z="-0.124305"/>
						<texcoord u="0.584422" v="0.767343"/>
					</vertex>
					<vertex>
						<position x="0.177669" y="-0.073593" z="1.067464"/>
						<normal x="0.825549" y="-0.341939" z="0.448940"/>
						<texcoord u="0.589220" v="0.003738"/>
					</vertex>
					<vertex>
						<position x="-0.188613" y="0.037518" z="-0.470997"/>
						<normal x="-0.973184" y="0.193550" z="-0.124303"/>
						<texcoord u="0.635861" v="0.767825"/>
					</vertex>
					<vertex>
						<position x="-0.188612" y="0.037517" z="1.067464"/>
						<normal x="-0.819873" y="0.135262" z="0.556338"/>
						<texcoord u="0.640659" v="0.004220"/>
					</vertex>
					<vertex>
						<position x="0.188612" y="0.037518" z="-0.470997"/>
						<normal x="0.973184" y="0.193550" z="-0.124303"/>
						<texcoord u="0.635861" v="0.767825"/>
					</vertex>
					<vertex>
						<position x="0.188612" y="0.037517" z="1.067464"/>
						<normal x="0.819873" y="0.135262" z="0.556338"/>
						<texcoord u="0.640659" v="0.004220"/>
					</vertex>
					<vertex>
						<position x="-0.188613" y="-0.037518" z="-0.470997"/>
						<normal x="-0.973184" y="-0.193550" z="-0.124303"/>
						<texcoord u="0.635861" v="0.767825"/>
					</vertex>
					<vertex>
						<position x="-0.188612" y="-0.037517" z="1.067464"/>
						<normal x="-0.819873" y="-0.135262" z="0.556338"/>
						<texcoord u="0.640659" v="0.004220"/>
					</vertex>
					<vertex>
						<position x="0.188612" y="-0.037518" z="-0.470997"/>
						<normal x="0.973184" y="-0.193550" z="-0.124303"/>
						<texcoord u="0.635861" v="0.767825"/>
					</vertex>
					<vertex>
						<position x="0.188612" y="-0.037517" z="1.067464"/>
						<normal x="0.819873" y="-0.135262" z="0.556338"/>
						<texcoord u="0.640659" v="0.004220"/>
					</vertex>
					<vertex>
						<position x="-0.000000" y="0.192308" z="-0.470997"/>
						<normal x="0.000000" y="0.992244" z="-0.124305"/>
						<texcoord u="0.235435" v="0.767594"/>
					</vertex>
					<vertex>
						<position x="-0.000000" y="0.138462" z="-0.682536"/>
						<normal x="0.000000" y="0.935861" z="-0.352371"/>
						<texcoord u="0.290829" v="0.873521"/>
					</vertex>
					<vertex>
						<position x="-0.027012" y="0.135801" z="-0.682536"/>
						<normal x="-0.182563" y="0.917882" z="-0.352369"/>
						<texcoord u="0.327869" v="0.873216"/>
					</vertex>
					<vertex>
						<position x="0.027012" y="0.135801" z="-0.682536"/>
						<normal x="0.182563" y="0.917882" z="-0.352369"/>
						<texcoord u="0.327869" v="0.873216"/>
					</vertex>
					<vertex>
						<position x="-0.000000" y="-0.138462" z="-0.682536"/>
						<normal x="0.000000" y="-0.935861" z="-0.352371"/>
						<texcoord u="0.290829" v="0.873521"/>
					</vertex>
					<vertex>
						<position x="-0.000000" y="-0.192308" z="-0.470997"/>
						<normal x="0.000000" y="-0.992244" z="-0.124305"/>
						<texcoord u="0.235435" v="0.767594"/>
					</vertex>
					<vertex>
						<position x="-0.027012" y="-0.135801" z="-0.682536"/>
						<normal x="-0.182563" y="-0.917882" z="-0.352369"/>
						<texcoord u="0.327869" v="0.873216"/>
					</vertex>
					<vertex>
						<position x="0.027012" y="-0.135801" z="-0.682536"/>
						<normal x="0.182563" y="-0.917882" z="-0.352369"/>
						<texcoord u="0.327869" v="0.873216"/>
					</vertex>
					<vertex>
						<position x="-0.052987" y="0.127922" z="-0.682536"/>
						<normal x="-0.358136" y="0.864624" z="-0.352368"/>
						<texcoord u="0.369025" v="0.873016"/>
					</vertex>
					<vertex>
						<position x="0.052987" y="0.127922" z="-0.682536"/>
						<normal x="0.358136" y="0.864624" z="-0.352368"/>
						<texcoord u="0.369025" v="0.873016"/>
					</vertex>
					<vertex>
						<position x="-0.052987" y="-0.127922" z="-0.682536"/>
						<normal x="-0.358136" y="-0.864624" z="-0.352368"/>
						<texcoord u="0.369025" v="0.873016"/>
					</vertex>
					<vertex>
						<position x="0.052987" y="-0.127922" z="-0.682536"/>
						<normal x="0.358136" y="-0.864624" z="-0.352368"/>
						<texcoord u="0.369025" v="0.873016"/>
					</vertex>
					<vertex>
						<position x="-0.076925" y="0.115127" z="-0.682536"/>
						<normal x="-0.519924" y="0.778146" z="-0.352374"/>
						<texcoord u="0.412714" v="0.872927"/>
					</vertex>
					<vertex>
						<position x="0.076925" y="0.115127" z="-0.682536"/>
						<normal x="0.519924" y="0.778146" z="-0.352374"/>
						<texcoord u="0.412714" v="0.872927"/>
					</vertex>
					<vertex>
						<position x="-0.076925" y="-0.115127" z="-0.682536"/>
						<normal x="-0.519924" y="-0.778146" z="-0.352374"/>
						<texcoord u="0.412714" v="0.872927"/>
					</vertex>
					<vertex>
						<position x="0.076925" y="-0.115127" z="-0.682536"/>
						<normal x="0.519924" y="-0.778146" z="-0.352374"/>
						<texcoord u="0.412714" v="0.872927"/>
					</vertex>
					<vertex>
						<position x="-0.097907" y="0.097908" z="-0.682536"/>
						<normal x="-0.661752" y="0.661752" z="-0.352377"/>
						<texcoord u="0.457259" v="0.872952"/>
					</vertex>
					<vertex>
						<position x="0.097907" y="0.097908" z="-0.682536"/>
						<normal x="0.661752" y="0.661752" z="-0.352377"/>
						<texcoord u="0.457259" v="0.872952"/>
					</vertex>
					<vertex>
						<position x="-0.097907" y="-0.097907" z="-0.682536"/>
						<normal x="-0.661752" y="-0.661752" z="-0.352377"/>
						<texcoord u="0.457259" v="0.872952"/>
					</vertex>
					<vertex>
						<position x="0.097907" y="-0.097907" z="-0.682536"/>
						<normal x="0.661752" y="-0.661752" z="-0.352377"/>
						<texcoord u="0.457259" v="0.872952"/>
					</vertex>
					<vertex>
						<position x="-0.115126" y="0.076926" z="-0.682536"/>
						<normal x="-0.778146" y="0.519924" z="-0.352374"/>
						<texcoord u="0.500948" v="0.873092"/>
					</vertex>
					<vertex>
						<position x="0.115126" y="0.076926" z="-0.682536"/>
						<normal x="0.778146" y="0.519924" z="-0.352374"/>
						<texcoord u="0.500948" v="0.873092"/>
					</vertex>
					<vertex>
						<position x="-0.115127" y="-0.076925" z="-0.682536"/>
						<normal x="-0.778146" y="-0.519924" z="-0.352374"/>
						<texcoord u="0.500948" v="0.873092"/>
					</vertex>
					<vertex>
						<position x="0.115126" y="-0.076925" z="-0.682536"/>
						<normal x="0.778146" y="-0.519924" z="-0.352374"/>
						<texcoord u="0.500948" v="0.873092"/>
					</vertex>
					<vertex>
						<position x="-0.127922" y="0.052988" z="-0.682536"/>
						<normal x="-0.864616" y="0.358146" z="-0.352378"/>
						<texcoord u="0.542100" v="0.873340"/>
					</vertex>
					<vertex>
						<position x="0.127922" y="0.052988" z="-0.682536"/>
						<normal x="0.864616" y="0.358146" z="-0.352378"/>
						<texcoord u="0.542100" v="0.873340"/>
					</vertex>
					<vertex>
						<position x="-0.127922" y="-0.052987" z="-0.682536"/>
						<normal x="-0.864616" y="-0.358146" z="-0.352378"/>
						<texcoord u="0.542100" v="0.873340"/>
					</vertex>
					<vertex>
						<position x="0.127922" y="-0.052987" z="-0.682536"/>
						<normal x="0.864616" y="-0.358146" z="-0.352378"/>
						<texcoord u="0.542100" v="0.873340"/>
					</vertex>
					<vertex>
						<position x="-0.135801" y="0.027013" z="-0.682536"/>
						<normal x="-0.917882" y="0.182563" z="-0.352369"/>
						<texcoord u="0.579136" v="0.873687"/>
					</vertex>
					<vertex>
						<position x="0.135801" y="0.027013" z="-0.682536"/>
						<normal x="0.917882" y="0.182563" z="-0.352369"/>
						<texcoord u="0.579136" v="0.873687"/>
					</vertex>
					<vertex>
						<position x="-0.135801" y="-0.027013" z="-0.682536"/>
						<normal x="-0.917882" y="-0.182563" z="-0.352369"/>
						<texcoord u="0.579136" v="0.873687"/>
					</vertex>
					<vertex>
						<position x="0.135801" y="-0.027013" z="-0.682536"/>
						<normal x="0.917882" y="-0.182563" z="-0.352369"/>
						<texcoord u="0.579136" v="0.873687"/>
					</vertex>
					<vertex>
						<position x="-0.192308" y="0.000000" z="-0.470997"/>
						<normal x="-0.992244" y="0.000000" z="-0.124305"/>
						<texcoord u="0.679605" v="0.768425"/>
					</vertex>
					<vertex>
						<position x="-0.138462" y="0.000000" z="-0.682536"/>
						<normal x="-0.935861" y="0.000000" z="-0.352371"/>
						<texcoord u="0.610632" v="0.874119"/>
					</vertex>
					<vertex>
						<position x="0.192308" y="0.000000" z="-0.470997"/>
						<normal x="0.992244" y="0.000000" z="-0.124305"/>
						<texcoord u="0.679605" v="0.768425"/>
					</vertex>
					<vertex>
						<position x="0.138461" y="0.000000" z="-0.682536"/>
						<normal x="0.935861" y="0.000000" z="-0.352371"/>
						<texcoord u="0.610632" v="0.874119"/>
					</vertex>
					<vertex>
						<position x="-0.000000" y="0.030770" z="-0.894074"/>
						<normal x="0.000000" y="0.838030" z="-0.545624"/>
						<texcoord u="0.402278" v="0.980378"/>
					</vertex>
					<vertex>
						<position x="-0.006003" y="0.030178" z="-0.894074"/>
						<normal x="-0.167427" y="0.841775" z="-0.513208"/>
						<texcoord u="0.410509" v="0.980310"/>
					</vertex>
					<vertex>
						<position x="0.006003" y="0.030178" z="-0.894074"/>
						<normal x="0.167427" y="0.841775" z="-0.513208"/>
						<texcoord u="0.410509" v="0.980310"/>
					</vertex>
					<vertex>
						<position x="-0.000000" y="-0.030769" z="-0.894074"/>
						<normal x="0.000000" y="-0.838030" z="-0.545624"/>
						<texcoord u="0.402278" v="0.980378"/>
					</vertex>
					<vertex>
						<position x="-0.006003" y="-0.030178" z="-0.894074"/>
						<normal x="-0.167427" y="-0.841775" z="-0.513208"/>
						<texcoord u="0.410509" v="0.980310"/>
					</vertex>
					<vertex>
						<position x="0.006003" y="-0.030178" z="-0.894074"/>
						<normal x="0.167427" y="-0.841775" z="-0.513208"/>
						<texcoord u="0.410509" v="0.980310"/>
					</vertex>
					<vertex>
						<position x="-0.011775" y="0.028427" z="-0.894074"/>
						<normal x="-0.320696" y="0.774242" z="-0.545622"/>
						<texcoord u="0.419655" v="0.980266"/>
					</vertex>
					<vertex>
						<position x="0.011775" y="0.028427" z="-0.894074"/>
						<normal x="0.320696" y="0.774242" z="-0.545622"/>
						<texcoord u="0.419655" v="0.980266"/>
					</vertex>
					<vertex>
						<position x="-0.011775" y="-0.028427" z="-0.894074"/>
						<normal x="-0.320696" y="-0.774242" z="-0.545622"/>
						<texcoord u="0.419655" v="0.980266"/>
					</vertex>
					<vertex>
						<position x="0.011775" y="-0.028427" z="-0.894074"/>
						<normal x="0.320696" y="-0.774242" z="-0.545622"/>
						<texcoord u="0.419655" v="0.980266"/>
					</vertex>
					<vertex>
						<position x="-0.017095" y="0.025584" z="-0.894074"/>
						<normal x="-0.476827" y="0.713622" z="-0.513205"/>
						<texcoord u="0.429364" v="0.980246"/>
					</vertex>
					<vertex>
						<position x="0.017094" y="0.025584" z="-0.894074"/>
						<normal x="0.476827" y="0.713622" z="-0.513205"/>
						<texcoord u="0.429364" v="0.980246"/>
					</vertex>
					<vertex>
						<position x="-0.017095" y="-0.025584" z="-0.894074"/>
						<normal x="-0.476827" y="-0.713622" z="-0.513205"/>
						<texcoord u="0.429364" v="0.980246"/>
					</vertex>
					<vertex>
						<position x="0.017094" y="-0.025584" z="-0.894074"/>
						<normal x="0.476827" y="-0.713622" z="-0.513205"/>
						<texcoord u="0.429364" v="0.980246"/>
					</vertex>
					<vertex>
						<position x="-0.021757" y="0.021758" z="-0.894074"/>
						<normal x="-0.592573" y="0.592573" z="-0.545633"/>
						<texcoord u="0.439263" v="0.980252"/>
					</vertex>
					<vertex>
						<position x="0.021757" y="0.021758" z="-0.894074"/>
						<normal x="0.592573" y="0.592573" z="-0.545633"/>
						<texcoord u="0.439263" v="0.980252"/>
					</vertex>
					<vertex>
						<position x="-0.021757" y="-0.021757" z="-0.894074"/>
						<normal x="-0.592573" y="-0.592573" z="-0.545633"/>
						<texcoord u="0.439263" v="0.980252"/>
					</vertex>
					<vertex>
						<position x="0.021757" y="-0.021757" z="-0.894074"/>
						<normal x="0.592573" y="-0.592573" z="-0.545633"/>
						<texcoord u="0.439263" v="0.980252"/>
					</vertex>
					<vertex>
						<position x="-0.025584" y="0.017095" z="-0.894074"/>
						<normal x="-0.713622" y="0.476827" z="-0.513205"/>
						<texcoord u="0.448971" v="0.980283"/>
					</vertex>
					<vertex>
						<position x="0.025584" y="0.017095" z="-0.894074"/>
						<normal x="0.713622" y="0.476827" z="-0.513205"/>
						<texcoord u="0.448971" v="0.980283"/>
					</vertex>
					<vertex>
						<position x="-0.025584" y="-0.017095" z="-0.894074"/>
						<normal x="-0.713622" y="-0.476827" z="-0.513205"/>
						<texcoord u="0.448971" v="0.980283"/>
					</vertex>
					<vertex>
						<position x="0.025584" y="-0.017095" z="-0.894074"/>
						<normal x="0.713622" y="-0.476827" z="-0.513205"/>
						<texcoord u="0.448971" v="0.980283"/>
					</vertex>
					<vertex>
						<position x="-0.028427" y="0.011775" z="-0.894074"/>
						<normal x="-0.774242" y="0.320696" z="-0.545622"/>
						<texcoord u="0.458116" v="0.980338"/>
					</vertex>
					<vertex>
						<position x="0.028427" y="0.011775" z="-0.894074"/>
						<normal x="0.774242" y="0.320696" z="-0.545622"/>
						<texcoord u="0.458116" v="0.980338"/>
					</vertex>
					<vertex>
						<position x="-0.028427" y="-0.011775" z="-0.894074"/>
						<normal x="-0.774242" y="-0.320696" z="-0.545622"/>
						<texcoord u="0.458116" v="0.980338"/>
					</vertex>
					<vertex>
						<position x="0.028427" y="-0.011775" z="-0.894074"/>
						<normal x="0.774242" y="-0.320696" z="-0.545622"/>
						<texcoord u="0.458116" v="0.980338"/>
					</vertex>
					<vertex>
						<position x="-0.030178" y="0.006003" z="-0.894074"/>
						<normal x="-0.841775" y="0.167427" z="-0.513208"/>
						<texcoord u="0.466346" v="0.980415"/>
					</vertex>
					<vertex>
						<position x="0.030178" y="0.006003" z="-0.894074"/>
						<normal x="0.841775" y="0.167427" z="-0.513208"/>
						<texcoord u="0.466346" v="0.980415"/>
					</vertex>
					<vertex>
						<position x="-0.030178" y="-0.006003" z="-0.894074"/>
						<normal x="-0.841775" y="-0.167427" z="-0.513208"/>
						<texcoord u="0.466346" v="0.980415"/>
					</vertex>
					<vertex>
						<position x="0.030178" y="-0.006003" z="-0.894074"/>
						<normal x="0.841775" y="-0.167427" z="-0.513208"/>
						<texcoord u="0.466346" v="0.980415"/>
					</vertex>
					<vertex>
						<position x="-0.030770" y="0.000000" z="-0.894074"/>
						<normal x="-0.838030" y="0.000000" z="-0.545624"/>
						<texcoord u="0.473345" v="0.980511"/>
					</vertex>
					<vertex>
						<position x="0.030769" y="0.000000" z="-0.894074"/>
						<normal x="0.838030" y="0.000000" z="-0.545624"/>
						<texcoord u="0.473345" v="0.980511"/>
					</vertex>
					<vertex>
						<position x="-0.192308" y="-0.000000" z="1.067464"/>
						<normal x="-0.815172" y="-0.409570" z="0.409570"/>
						<texcoord u="0.684402" v="0.928360"/>
					</vertex>
					<vertex>
						<position x="-0.423077" y="0.000000" z="1.067464"/>
						<normal x="0.000000" y="-1.000000" z="-0.000000"/>
						<texcoord u="0.980082" v="1.000000"/>
					</vertex>
					<vertex>
						<position x="-0.192308" y="0.000000" z="0.780199"/>
						<normal x="-0.969867" y="-0.243634" z="-0.000000"/>
						<texcoord u="0.978984" v="0.816936"/>
					</vertex>
					<vertex>
						<position x="0.192308" y="-0.000000" z="0.780199"/>
						<normal x="0.969867" y="-0.243634" z="-0.000000"/>
						<texcoord u="0.978984" v="0.816936"/>
					</vertex>
					<vertex>
						<position x="0.423077" y="-0.000000" z="1.067464"/>
						<normal x="0.000000" y="-1.000000" z="-0.000000"/>
						<texcoord u="0.980082" v="1.000000"/>
					</vertex>
					<vertex>
						<position x="0.192307" y="-0.000000" z="1.067464"/>
						<normal x="0.815172" y="-0.409570" z="0.409570"/>
						<texcoord u="0.684402" v="0.928360"/>
					</vertex>
					<vertex>
						<position x="-0.192308" y="0.000000" z="0.780199"/>
						<normal x="-0.969867" y="-0.243634" z="-0.000000"/>
						<texcoord u="0.683506" v="0.147403"/>
					</vertex>
					<vertex>
						<position x="-0.192308" y="-0.000000" z="1.067464"/>
						<normal x="-0.815172" y="-0.409570" z="0.409570"/>
						<texcoord u="0.684403" v="0.004821"/>
					</vertex>
					<vertex>
						<position x="0.192307" y="-0.000000" z="1.067464"/>
						<normal x="0.815172" y="-0.409570" z="0.409570"/>
						<texcoord u="0.684403" v="0.004821"/>
					</vertex>
					<vertex>
						<position x="0.192308" y="-0.000000" z="0.780199"/>
						<normal x="0.969867" y="-0.243634" z="-0.000000"/>
						<texcoord u="0.683506" v="0.147403"/>
					</vertex>
					<vertex>
						<position x="-0.000000" y="0.192308" z="1.067464"/>
						<normal x="-0.334031" y="0.664888" z="0.668092"/>
						<texcoord u="0.240232" v="0.003990"/>
					</vertex>
					<vertex>
						<position x="-0.000000" y="0.192308" z="0.779003"/>
						<normal x="-0.243634" y="0.969867" z="-0.000000"/>
						<texcoord u="0.239332" v="0.147165"/>
					</vertex>
					<vertex>
						<position x="-0.000000" y="-0.192308" z="0.779003"/>
						<normal x="-0.243634" y="-0.969867" z="-0.000000"/>
						<texcoord u="0.239332" v="0.147165"/>
					</vertex>
					<vertex>
						<position x="-0.000000" y="-0.192308" z="1.067464"/>
						<normal x="-0.334031" y="-0.664888" z="0.668092"/>
						<texcoord u="0.240232" v="0.003990"/>
					</vertex>
					<vertex>
						<position x="-0.000000" y="0.423077" z="1.067464"/>
						<normal x="-1.000000" y="0.000000" z="-0.000000"/>
						<texcoord u="0.000000" v="0.000000"/>
					</vertex>
					<vertex>
						<position x="-0.000000" y="-0.423077" z="1.067464"/>
						<normal x="-1.000000" y="0.000000" z="-0.000000"/>
						<texcoord u="0.000000" v="0.000000"/>
					</vertex>
					<vertex>
						<position x="-0.000000" y="0.192308" z="1.067464"/>
						<normal x="0.000000" y="0.000000" z="1.000000"/>
						<texcoord u="1.000000" v="0.816936"/>
					</vertex>
					<vertex>
						<position x="-0.037517" y="0.188613" z="1.067464"/>
						<normal x="0.000000" y="0.000000" z="1.000000"/>
						<texcoord u="0.994125" v="0.798291"/>
					</vertex>
					<vertex>
						<position x="0.037517" y="0.188613" z="1.067464"/>
						<normal x="0.000000" y="0.000000" z="1.000000"/>
						<texcoord u="0.994125" v="0.798291"/>
					</vertex>
					<vertex>
						<position x="-0.000000" y="-0.192308" z="1.067464"/>
						<normal x="0.000000" y="-0.000000" z="1.000000"/>
						<texcoord u="1.000000" v="0.816936"/>
					</vertex>
					<vertex>
						<position x="-0.037517" y="-0.188613" z="1.067464"/>
						<normal x="0.000000" y="-0.000000" z="1.000000"/>
						<texcoord u="0.994125" v="0.798291"/>
					</vertex>
					<vertex>
						<position x="0.037517" y="-0.188613" z="1.067464"/>
						<normal x="0.000000" y="0.000000" z="1.000000"/>
						<texcoord u="0.994125" v="0.798291"/>
					</vertex>
					<vertex>
						<position x="-0.135982" y="0.135982" z="1.067464"/>
						<normal x="0.000000" y="0.000000" z="1.000000"/>
						<texcoord u="0.908248" v="0.749292"/>
					</vertex>
					<vertex>
						<position x="-0.159898" y="0.106840" z="1.067464"/>
						<normal x="0.000000" y="0.000000" z="1.000000"/>
						<texcoord u="0.860544" v="0.737366"/>
					</vertex>
					<vertex>
						<position x="0.159898" y="0.106840" z="1.067464"/>
						<normal x="0.000000" y="0.000000" z="1.000000"/>
						<texcoord u="0.860544" v="0.737366"/>
					</vertex>
					<vertex>
						<position x="0.135982" y="0.135982" z="1.067464"/>
						<normal x="0.000000" y="0.000000" z="1.000000"/>
						<texcoord u="0.908248" v="0.749292"/>
					</vertex>
					<vertex>
						<position x="-0.159898" y="-0.106840" z="1.067464"/>
						<normal x="0.000000" y="-0.000000" z="1.000000"/>
						<texcoord u="0.860544" v="0.737366"/>
					</vertex>
					<vertex>
						<position x="-0.135982" y="-0.135982" z="1.067464"/>
						<normal x="0.000000" y="-0.000000" z="1.000000"/>
						<texcoord u="0.908248" v="0.749292"/>
					</vertex>
					<vertex>
						<position x="0.135982" y="-0.135982" z="1.067464"/>
						<normal x="0.000000" y="0.000000" z="1.000000"/>
						<texcoord u="0.908248" v="0.749292"/>
					</vertex>
					<vertex>
						<position x="0.159898" y="-0.106840" z="1.067464"/>
						<normal x="0.000000" y="0.000000" z="1.000000"/>
						<texcoord u="0.860544" v="0.737366"/>
					</vertex>
					<vertex>
						<position x="-0.177669" y="0.073593" z="1.067464"/>
						<normal x="0.000000" y="0.000000" z="1.000000"/>
						<texcoord u="0.806071" v="0.728487"/>
					</vertex>
					<vertex>
						<position x="-0.188612" y="0.037517" z="1.067464"/>
						<normal x="0.000000" y="0.000000" z="1.000000"/>
						<texcoord u="0.746922" v="0.722995"/>
					</vertex>
					<vertex>
						<position x="0.188612" y="0.037517" z="1.067464"/>
						<normal x="0.000000" y="0.000000" z="1.000000"/>
						<texcoord u="0.746922" v="0.722995"/>
					</vertex>
					<vertex>
						<position x="0.177669" y="0.073593" z="1.067464"/>
						<normal x="0.000000" y="0.000000" z="1.000000"/>
						<texcoord u="0.806071" v="0.728487"/>
					</vertex>
					<vertex>
						<position x="-0.188612" y="-0.037517" z="1.067464"/>
						<normal x="0.000000" y="-0.000000" z="1.000000"/>
						<texcoord u="0.746922" v="0.722995"/>
					</vertex>
					<vertex>
						<position x="-0.177669" y="-0.073593" z="1.067464"/>
						<normal x="0.000000" y="-0.000000" z="1.000000"/>
						<texcoord u="0.806071" v="0.728487"/>
					</vertex>
					<vertex>
						<position x="0.177669" y="-0.073593" z="1.067464"/>
						<normal x="0.000000" y="0.000000" z="1.000000"/>
						<texcoord u="0.806071" v="0.728487"/>
					</vertex>
					<vertex>
						<position x="0.188612" y="-0.037517" z="1.067464"/>
						<normal x="0.000000" y="0.000000" z="1.000000"/>
						<texcoord u="0.746922" v="0.722995"/>
					</vertex>
					<vertex>
						<position x="-0.192308" y="-0.000000" z="1.067464"/>
						<normal x="0.000000" y="0.000000" z="1.000000"/>
						<texcoord u="0.685370" v="0.721102"/>
					</vertex>
					<vertex>
						<position x="0.192307" y="-0.000000" z="1.067464"/>
						<normal x="0.000000" y="0.000000" z="1.000000"/>
						<texcoord u="0.685370" v="0.721102"/>
					</vertex>
					<vertex>
						<position x="-0.000000" y="0.000000" z="-0.932535"/>
						<normal x="0.000000" y="0.000000" z="-1.000000"/>
						<texcoord u="0.434189" v="1.000000"/>
					</vertex>
				</vertexbuffer>
			</geometry>
		</submesh>
	</submeshes>
</mesh>
